timestamp,open,high,low,close,volume
2026-04-27T23:48:20.129444+00:00,150.16,150.17,149.99,150.07,1914
2026-04-27T23:49:20.129444+00:00,149.84,150.08,149.62,150.05,3233
2026-04-27T23:50:20.129444+00:00,149.9,150.28,149.89,150.15,1895
2026-04-27T23:51:20.129444+00:00,150.22,150.56,150.05,150.38,3932
2026-04-27T23:52:20.129444+00:00,150.43,150.6,150.28,150.34,3413
2026-04-27T23:53:20.129444+00:00,150.18,150.57,149.95,150.31,1653
2026-04-27T23:54:20.129444+00:00,150.67,150.77,150.5,150.55,4920
2026-04-27T23:55:20.129444+00:00,150.82,150.85,150.55,150.66,2470
2026-04-27T23:56:20.129444+00:00,150.8,150.98,150.35,150.59,3988
2026-04-27T23:57:20.129444+00:00,150.65,150.71,150.37,150.67,1322
2026-04-27T23:58:20.129444+00:00,150.64,150.88,150.42,150.6,4529
2026-04-27T23:59:20.129444+00:00,150.45,150.59,150.43,150.53,3708
2026-04-28T00:00:20.129444+00:00,150.41,150.66,150.38,150.57,1953
2026-04-28T00:01:20.129444+00:00,150.5,150.62,150.15,150.28,4416
2026-04-28T00:02:20.129444+00:00,149.94,150.13,149.88,150.02,2093
2026-04-28T00:03:20.129444+00:00,150.06,150.26,149.92,149.94,3600
2026-04-28T00:04:20.129444+00:00,149.59,150.01,149.54,149.79,2554
2026-04-28T00:05:20.129444+00:00,149.7,150.11,149.49,149.83,1899
2026-04-28T00:06:20.129444+00:00,149.81,150.06,149.47,149.7,1938
2026-04-28T00:07:20.129444+00:00,149.68,149.92,149.37,149.49,1271
2026-04-28T00:08:20.129444+00:00,149.53,149.99,149.27,149.71,2288
2026-04-28T00:09:20.129444+00:00,149.5,149.82,149.24,149.67,3633
2026-04-28T00:10:20.129444+00:00,149.66,149.76,149.58,149.68,3299
2026-04-28T00:11:20.129444+00:00,149.49,149.72,149.34,149.47,3390
2026-04-28T00:12:20.129444+00:00,149.33,149.45,149.03,149.39,3087
2026-04-28T00:13:20.129444+00:00,149.4,149.63,149.14,149.4,1626
2026-04-28T00:14:20.129444+00:00,149.31,149.55,149.11,149.23,1260
2026-04-28T00:15:20.129444+00:00,149.22,149.47,149.08,149.29,2029
2026-04-28T00:16:20.129444+00:00,149.48,149.74,149.2,149.2,3952
2026-04-28T00:17:20.129444+00:00,148.93,149.42,148.7,149.16,4148
2026-04-28T00:18:20.129444+00:00,149.15,149.18,148.94,149.07,2858
2026-04-28T00:19:20.129444+00:00,149.05,149.56,148.83,149.34,4980
2026-04-28T00:20:20.129444+00:00,149.34,149.39,149.07,149.34,4565
2026-04-28T00:21:20.129444+00:00,149.26,149.51,149.03,149.18,1814
2026-04-28T00:22:20.129444+00:00,149.1,149.53,148.94,149.31,4189
2026-04-28T00:23:20.129444+00:00,149.38,149.65,148.94,149.12,3001
2026-04-28T00:24:20.129444+00:00,148.87,149.43,148.61,149.15,4406
2026-04-28T00:25:20.129444+00:00,149.04,149.12,148.79,148.86,3323
2026-04-28T00:26:20.129444+00:00,148.93,148.96,148.52,148.66,1283
2026-04-28T00:27:20.129444+00:00,148.98,149.14,148.66,148.69,3702
2026-04-28T00:28:20.129444+00:00,148.79,148.97,148.71,148.8,4573
2026-04-28T00:29:20.129444+00:00,148.89,149.18,148.55,148.83,4093
2026-04-28T00:30:20.129444+00:00,148.95,149.01,148.72,148.81,3751
2026-04-28T00:31:20.129444+00:00,148.86,148.99,148.61,148.77,1495
2026-04-28T00:32:20.129444+00:00,148.4,148.57,148.39,148.55,3268
2026-04-28T00:33:20.129444+00:00,148.28,148.51,148.26,148.44,3584
2026-04-28T00:34:20.129444+00:00,148.11,148.39,148.1,148.37,2353
2026-04-28T00:35:20.129444+00:00,148.27,148.6,148.08,148.53,1877
2026-04-28T00:36:20.129444+00:00,148.6,148.82,148.32,148.58,3360
2026-04-28T00:37:20.129444+00:00,148.3,148.55,148.06,148.32,1779
2026-04-28T00:38:20.129444+00:00,148.13,148.56,148.02,148.37,2683
2026-04-28T00:39:20.129444+00:00,148.29,148.53,148.09,148.31,3646
2026-04-28T00:40:20.129444+00:00,147.97,148.33,147.87,148.21,4529
2026-04-28T00:41:20.129444+00:00,148.07,148.36,147.91,148.3,1574
2026-04-28T00:42:20.129444+00:00,148.41,148.54,148.33,148.45,4781
2026-04-28T00:43:20.129444+00:00,148.34,148.83,148.08,148.59,1401
2026-04-28T00:44:20.129444+00:00,148.2,148.76,147.95,148.47,4969
2026-04-28T00:45:20.129444+00:00,148.18,148.64,148.11,148.42,2664
2026-04-28T00:46:20.129444+00:00,148.46,148.53,148.34,148.47,1240
2026-04-28T00:47:20.129444+00:00,148.42,148.62,148.3,148.61,4795
2026-04-28T00:48:20.129444+00:00,148.71,148.85,148.42,148.54,4921
2026-04-28T00:49:20.129444+00:00,148.65,148.89,148.32,148.52,2993
2026-04-28T00:50:20.129444+00:00,148.15,148.44,147.86,148.35,3372
2026-04-28T00:51:20.129444+00:00,148.31,148.33,148.08,148.17,1205
2026-04-28T00:52:20.129444+00:00,148.34,148.49,148.04,148.29,1644
2026-04-28T00:53:20.129444+00:00,148.23,148.65,147.98,148.5,1280
2026-04-28T00:54:20.129444+00:00,148.54,148.74,148.42,148.49,1491
2026-04-28T00:55:20.129444+00:00,148.9,149.07,148.46,148.63,1162
2026-04-28T00:56:20.129444+00:00,148.76,148.88,148.51,148.69,3141
2026-04-28T00:57:20.129444+00:00,148.48,148.67,148.28,148.59,2286
2026-04-28T00:58:20.129444+00:00,148.49,148.76,148.29,148.65,2228
2026-04-28T00:59:20.129444+00:00,148.85,149.15,148.57,148.87,1038
2026-04-28T01:00:20.129444+00:00,148.84,149.17,148.55,148.87,1300
2026-04-28T01:01:20.129444+00:00,149.12,149.28,149.06,149.1,2429
2026-04-28T01:02:20.129444+00:00,148.94,149.2,148.6,148.71,1646
2026-04-28T01:03:20.129444+00:00,148.8,149.0,148.71,148.83,4305
2026-04-28T01:04:20.129444+00:00,148.94,148.94,148.6,148.85,2226
2026-04-28T01:05:20.129444+00:00,149.06,149.09,148.54,148.8,2083
2026-04-28T01:06:20.129444+00:00,148.59,148.85,148.42,148.82,2115
2026-04-28T01:07:20.129444+00:00,148.39,148.58,148.29,148.52,3815
2026-04-28T01:08:20.129444+00:00,148.57,148.65,148.34,148.49,4708
2026-04-28T01:09:20.129444+00:00,148.78,148.8,148.35,148.54,4397
2026-04-28T01:10:20.129444+00:00,148.63,148.76,148.4,148.76,3609
2026-04-28T01:11:20.129444+00:00,148.97,149.02,148.55,148.68,3890
2026-04-28T01:12:20.129444+00:00,148.52,148.57,148.5,148.56,4617
2026-04-28T01:13:20.129444+00:00,148.6,148.65,148.48,148.49,2512
2026-04-28T01:14:20.129444+00:00,148.67,148.72,148.59,148.63,2262
2026-04-28T01:15:20.129444+00:00,148.59,148.95,148.3,148.67,1163
2026-04-28T01:16:20.129444+00:00,148.83,148.9,148.52,148.6,1421
2026-04-28T01:17:20.129444+00:00,148.58,148.84,148.32,148.67,4988
2026-04-28T01:18:20.129444+00:00,148.76,148.8,148.41,148.69,4541
2026-04-28T01:19:20.129444+00:00,148.63,149.07,148.58,148.83,2688
2026-04-28T01:20:20.129444+00:00,148.44,148.95,148.34,148.73,4812
2026-04-28T01:21:20.129444+00:00,148.62,148.88,148.41,148.68,2016
2026-04-28T01:22:20.129444+00:00,148.48,148.85,148.45,148.62,4572
2026-04-28T01:23:20.129444+00:00,148.13,148.54,148.07,148.4,4761
2026-04-28T01:24:20.129444+00:00,148.42,148.54,148.19,148.45,1932
2026-04-28T01:25:20.129444+00:00,148.32,148.68,148.2,148.48,2141
2026-04-28T01:26:20.129444+00:00,148.7,148.99,148.4,148.49,3627
2026-04-28T01:27:20.129444+00:00,148.46,148.66,148.2,148.45,2356
2026-04-28T01:28:20.129444+00:00,148.5,148.54,147.95,148.24,1731
2026-04-28T01:29:20.129444+00:00,148.23,148.52,148.17,148.18,3443
2026-04-28T01:30:20.129444+00:00,148.09,148.34,148.0,148.13,3483
2026-04-28T01:31:20.129444+00:00,148.3,148.33,147.74,148.01,1778
2026-04-28T01:32:20.129444+00:00,147.84,148.19,147.84,147.98,4791
2026-04-28T01:33:20.129444+00:00,148.23,148.43,147.77,148.04,4018
2026-04-28T01:34:20.129444+00:00,148.43,148.53,148.3,148.32,3720
2026-04-28T01:35:20.129444+00:00,148.6,148.78,148.15,148.35,1510
2026-04-28T01:36:20.129444+00:00,148.52,148.61,148.3,148.39,2672
2026-04-28T01:37:20.129444+00:00,148.27,148.58,148.11,148.38,1785
2026-04-28T01:38:20.129444+00:00,148.05,148.37,147.84,148.09,4697
2026-04-28T01:39:20.129444+00:00,147.9,148.26,147.78,148.09,4414
2026-04-28T01:40:20.129444+00:00,147.8,148.18,147.67,148.1,3375
2026-04-28T01:41:20.129444+00:00,148.53,148.62,148.33,148.46,3767
2026-04-28T01:42:20.129444+00:00,148.26,148.57,148.0,148.43,4260
2026-04-28T01:43:20.129444+00:00,148.62,148.81,148.39,148.48,3719
2026-04-28T01:44:20.129444+00:00,148.55,148.65,148.23,148.47,4076
2026-04-28T01:45:20.129444+00:00,148.14,148.39,147.9,148.3,1603
2026-04-28T01:46:20.129444+00:00,148.19,148.54,148.05,148.47,4480
2026-04-28T01:47:20.129444+00:00,148.74,148.88,148.32,148.58,3357
2026-04-28T01:48:20.129444+00:00,148.52,148.91,148.37,148.7,1999
2026-04-28T01:49:20.129444+00:00,148.35,148.77,148.09,148.56,4524
2026-04-28T01:50:20.129444+00:00,148.93,148.97,148.65,148.77,1720
2026-04-28T01:51:20.129444+00:00,148.74,148.95,148.43,148.56,3283
2026-04-28T01:52:20.129444+00:00,148.5,148.9,148.37,148.65,4282
2026-04-28T01:53:20.129444+00:00,148.96,149.14,148.79,148.98,2299
2026-04-28T01:54:20.129444+00:00,149.1,149.36,148.65,148.83,3946
2026-04-28T01:55:20.129444+00:00,148.98,149.11,148.48,148.75,2826
2026-04-28T01:56:20.129444+00:00,149.0,149.22,148.62,148.76,2061
2026-04-28T01:57:20.129444+00:00,148.84,149.09,148.6,148.69,4185
2026-04-28T01:58:20.129444+00:00,148.47,148.65,148.37,148.46,1317
2026-04-28T01:59:20.129444+00:00,148.59,148.66,148.37,148.47,4657
2026-04-28T02:00:20.129444+00:00,148.33,148.37,148.24,148.31,3842
2026-04-28T02:01:20.129444+00:00,148.17,148.44,148.05,148.38,2355
2026-04-28T02:02:20.129444+00:00,148.27,148.39,148.18,148.24,2720
2026-04-28T02:03:20.129444+00:00,148.41,148.7,148.13,148.47,1080
2026-04-28T02:04:20.129444+00:00,148.57,148.79,148.24,148.36,1024
2026-04-28T02:05:20.129444+00:00,148.57,148.66,148.19,148.31,4652
2026-04-28T02:06:20.129444+00:00,148.7,148.82,148.21,148.43,3236
2026-04-28T02:07:20.129444+00:00,148.42,148.69,148.1,148.25,2117
2026-04-28T02:08:20.129444+00:00,148.24,148.29,148.14,148.28,3781
2026-04-28T02:09:20.129444+00:00,148.65,148.87,148.22,148.47,4766
2026-04-28T02:10:20.129444+00:00,148.01,148.42,148.01,148.23,2613
2026-04-28T02:11:20.129444+00:00,148.32,148.51,148.24,148.26,2755
2026-04-28T02:12:20.129444+00:00,148.08,148.44,148.07,148.3,2552
2026-04-28T02:13:20.129444+00:00,148.31,148.55,148.21,148.42,4603
2026-04-28T02:14:20.129444+00:00,148.16,148.46,147.92,148.23,2033
2026-04-28T02:15:20.129444+00:00,148.24,148.38,147.82,148.04,1213
2026-04-28T02:16:20.129444+00:00,148.41,148.51,147.92,148.12,4199
2026-04-28T02:17:20.129444+00:00,148.43,148.44,148.15,148.16,2012
2026-04-28T02:18:20.129444+00:00,148.02,148.2,147.97,148.2,1517
2026-04-28T02:19:20.129444+00:00,148.23,148.28,147.95,148.25,2904
2026-04-28T02:20:20.129444+00:00,148.26,148.49,148.1,148.15,3487
2026-04-28T02:21:20.129444+00:00,148.46,148.67,147.95,148.18,1670
2026-04-28T02:22:20.129444+00:00,148.5,148.53,148.22,148.22,2277
2026-04-28T02:23:20.129444+00:00,148.16,148.43,148.01,148.12,4856
2026-04-28T02:24:20.129444+00:00,148.52,148.55,148.19,148.4,3569
2026-04-28T02:25:20.129444+00:00,148.31,148.67,148.22,148.47,3802
2026-04-28T02:26:20.129444+00:00,148.35,148.38,148.0,148.29,4205
2026-04-28T02:27:20.129444+00:00,148.11,148.54,147.92,148.39,1282
2026-04-28T02:28:20.129444+00:00,148.25,148.35,147.99,148.24,4368
2026-04-28T02:29:20.129444+00:00,148.35,148.49,148.25,148.36,4651
2026-04-28T02:30:20.129444+00:00,148.73,148.94,148.4,148.53,4005
2026-04-28T02:31:20.129444+00:00,148.42,148.61,148.23,148.41,4766
2026-04-28T02:32:20.129444+00:00,148.57,148.72,148.42,148.55,3994
2026-04-28T02:33:20.129444+00:00,148.67,148.76,148.54,148.61,4828
2026-04-28T02:34:20.129444+00:00,148.49,149.0,148.42,148.74,2903
2026-04-28T02:35:20.129444+00:00,149.06,149.26,148.92,149.02,3024
2026-04-28T02:36:20.129444+00:00,149.19,149.24,148.92,148.98,4267
2026-04-28T02:37:20.129444+00:00,148.72,148.95,148.55,148.87,4604
2026-04-28T02:38:20.129444+00:00,148.6,148.74,148.32,148.74,1350
2026-04-28T02:39:20.129444+00:00,148.46,148.74,148.3,148.62,1984
2026-04-28T02:40:20.129444+00:00,148.72,148.91,148.46,148.6,4247
2026-04-28T02:41:20.129444+00:00,148.37,148.74,148.25,148.65,1996
2026-04-28T02:42:20.129444+00:00,148.58,148.87,148.44,148.7,3174
2026-04-28T02:43:20.129444+00:00,148.73,149.12,148.56,148.82,2441
2026-04-28T02:44:20.129444+00:00,148.94,149.02,148.75,148.82,1494
2026-04-28T02:45:20.129444+00:00,149.17,149.26,148.82,149.04,4894
2026-04-28T02:46:20.129444+00:00,149.15,149.21,148.93,149.0,2983
2026-04-28T02:47:20.129444+00:00,149.27,149.58,149.04,149.4,3444
2026-04-28T02:48:20.129444+00:00,149.37,149.53,149.31,149.5,1931
2026-04-28T02:49:20.129444+00:00,149.29,149.46,149.07,149.37,1518
2026-04-28T02:50:20.129444+00:00,149.07,149.5,148.91,149.21,3856
2026-04-28T02:51:20.129444+00:00,149.55,149.74,149.06,149.28,1420
2026-04-28T02:52:20.129444+00:00,149.47,149.64,149.11,149.25,2804
2026-04-28T02:53:20.129444+00:00,149.26,149.64,149.18,149.35,4529
2026-04-28T02:54:20.129444+00:00,149.41,149.67,149.29,149.42,1303
2026-04-28T02:55:20.129444+00:00,149.46,149.67,149.37,149.41,4322
2026-04-28T02:56:20.129444+00:00,149.33,149.42,148.99,149.29,1485
2026-04-28T02:57:20.129444+00:00,149.1,149.22,148.88,149.06,3533
2026-04-28T02:58:20.129444+00:00,148.83,149.15,148.7,148.99,2813
2026-04-28T02:59:20.129444+00:00,149.0,149.3,148.87,149.12,3329
2026-04-28T03:00:20.129444+00:00,149.23,149.41,148.93,149.15,4881
2026-04-28T03:01:20.129444+00:00,149.13,149.31,148.89,148.97,1332
2026-04-28T03:02:20.129444+00:00,148.79,149.05,148.77,148.99,1010
2026-04-28T03:03:20.129444+00:00,149.0,149.26,148.86,149.05,1133
2026-04-28T03:04:20.129444+00:00,148.76,149.13,148.55,148.92,2859
2026-04-28T03:05:20.129444+00:00,148.69,149.01,148.61,148.94,4240
2026-04-28T03:06:20.129444+00:00,149.03,149.22,148.67,148.95,2741
2026-04-28T03:07:20.129444+00:00,148.55,148.85,148.51,148.78,2088
2026-04-28T03:08:20.129444+00:00,149.03,149.05,148.79,148.84,2259
2026-04-28T03:09:20.129444+00:00,148.98,149.22,148.64,148.92,2798
2026-04-28T03:10:20.129444+00:00,148.86,149.29,148.65,149.08,4861
2026-04-28T03:11:20.129444+00:00,149.1,149.4,148.97,149.24,3449
2026-04-28T03:12:20.129444+00:00,148.76,149.16,148.66,149.03,2025
2026-04-28T03:13:20.129444+00:00,148.61,148.96,148.41,148.89,4524
2026-04-28T03:14:20.129444+00:00,149.01,149.3,148.67,148.97,3753
2026-04-28T03:15:20.129444+00:00,149.24,149.41,148.82,149.05,1717
2026-04-28T03:16:20.129444+00:00,149.1,149.32,148.83,149.12,1743
2026-04-28T03:17:20.129444+00:00,150.0,150.13,149.45,149.7,4969
2026-04-28T03:18:20.129444+00:00,149.54,149.89,149.44,149.78,3744
2026-04-28T03:19:20.129444+00:00,149.72,150.0,149.59,149.95,3029
2026-04-28T03:20:20.129444+00:00,149.97,150.38,149.73,150.1,3253
2026-04-28T03:21:20.129444+00:00,149.92,150.22,149.84,150.19,1474
2026-04-28T03:22:20.129444+00:00,150.43,150.55,149.99,150.15,1004
2026-04-28T03:23:20.129444+00:00,150.36,150.52,150.14,150.26,1768
2026-04-28T03:24:20.129444+00:00,150.16,150.34,150.0,150.14,2810
2026-04-28T03:25:20.129444+00:00,150.27,150.33,149.94,150.11,4799
2026-04-28T03:26:20.129444+00:00,149.91,150.3,149.76,150.04,1118
2026-04-28T03:27:20.129444+00:00,150.33,150.52,149.98,150.05,1648
2026-04-28T03:28:20.129444+00:00,150.28,150.4,150.16,150.4,1920
2026-04-28T03:29:20.129444+00:00,150.41,150.69,149.98,150.12,1481
2026-04-28T03:30:20.129444+00:00,150.31,150.35,149.94,150.22,2195
2026-04-28T03:31:20.129444+00:00,149.98,150.06,149.73,149.98,2934
2026-04-28T03:32:20.129444+00:00,149.75,150.07,149.64,149.91,4775
2026-04-28T03:33:20.129444+00:00,150.13,150.35,150.03,150.07,1285
2026-04-28T03:34:20.129444+00:00,149.94,150.32,149.82,150.08,4826
2026-04-28T03:35:20.129444+00:00,150.09,150.17,149.92,149.92,3973
2026-04-28T03:36:20.129444+00:00,149.69,149.99,149.39,149.81,3005
2026-04-28T03:37:20.129444+00:00,150.13,150.26,149.77,149.91,2361
2026-04-28T03:38:20.129444+00:00,149.83,150.0,149.67,149.8,2318
2026-04-28T03:39:20.129444+00:00,150.06,150.35,149.76,149.84,2568
2026-04-28T03:40:20.129444+00:00,149.68,150.07,149.67,149.84,4050
2026-04-28T03:41:20.129444+00:00,149.73,150.02,149.61,149.74,3718
2026-04-28T03:42:20.129444+00:00,150.24,150.44,150.02,150.07,4951
2026-04-28T03:43:20.129444+00:00,149.88,150.31,149.71,150.16,4562
2026-04-28T03:44:20.129444+00:00,149.62,150.11,149.59,149.86,4729
2026-04-28T03:45:20.129444+00:00,149.86,150.1,149.74,149.88,3681
2026-04-28T03:46:20.129444+00:00,150.07,150.09,149.55,149.79,2085
2026-04-28T03:47:20.129444+00:00,149.82,150.12,149.62,149.91,4488
2026-04-28T03:48:20.129444+00:00,149.69,150.0,149.53,149.79,4908
2026-04-28T03:49:20.129444+00:00,149.67,149.99,149.44,149.78,4573
2026-04-28T03:50:20.129444+00:00,149.88,150.06,149.78,149.85,3803
2026-04-28T03:51:20.129444+00:00,150.24,150.53,149.76,149.98,2777
2026-04-28T03:52:20.129444+00:00,150.09,150.32,149.59,149.8,1411
2026-04-28T03:53:20.129444+00:00,149.72,149.96,149.45,149.75,1188
2026-04-28T03:54:20.129444+00:00,149.58,149.7,149.47,149.68,2764
2026-04-28T03:55:20.129444+00:00,149.37,149.74,149.2,149.58,4246
2026-04-28T03:56:20.129444+00:00,149.66,149.9,149.47,149.85,2566
2026-04-28T03:57:20.129444+00:00,149.98,150.05,149.64,149.91,1586
2026-04-28T03:58:20.129444+00:00,149.56,149.91,149.42,149.72,3731
2026-04-28T03:59:20.129444+00:00,149.56,150.1,149.29,149.86,3775
2026-04-28T04:00:20.129444+00:00,150.2,150.23,149.89,150.18,3406
2026-04-28T04:01:20.129444+00:00,150.21,150.62,150.0,150.33,2871
2026-04-28T04:02:20.129444+00:00,150.31,150.37,149.99,150.1,2979
2026-04-28T04:03:20.129444+00:00,149.79,150.14,149.69,150.03,2211
2026-04-28T04:04:20.129444+00:00,150.52,150.61,149.93,150.22,3696
2026-04-28T04:05:20.129444+00:00,150.05,150.12,149.79,150.11,4187
2026-04-28T04:06:20.129444+00:00,150.33,150.34,150.0,150.18,3034
2026-04-28T04:07:20.129444+00:00,150.5,150.77,150.06,150.3,1942
2026-04-28T04:08:20.129444+00:00,150.22,150.33,149.97,150.16,3543
2026-04-28T04:09:20.129444+00:00,150.0,150.38,149.77,150.15,3788
2026-04-28T04:10:20.129444+00:00,149.87,150.05,149.39,149.66,3647
2026-04-28T04:11:20.129444+00:00,149.23,149.75,149.22,149.51,2494
2026-04-28T04:12:20.129444+00:00,149.61,149.64,149.38,149.47,4061
2026-04-28T04:13:20.129444+00:00,149.24,149.35,149.0,149.29,4589
2026-04-28T04:14:20.129444+00:00,149.81,149.97,149.26,149.53,4401
2026-04-28T04:15:20.129444+00:00,149.12,149.59,148.83,149.32,4962
2026-04-28T04:16:20.129444+00:00,149.43,149.66,149.15,149.25,1471
2026-04-28T04:17:20.129444+00:00,149.25,149.29,149.03,149.27,1924
2026-04-28T04:18:20.129444+00:00,149.7,149.92,149.19,149.49,4961
2026-04-28T04:19:20.129444+00:00,149.48,149.64,149.24,149.27,2616
2026-04-28T04:20:20.129444+00:00,149.15,149.6,149.02,149.44,3755
2026-04-28T04:21:20.129444+00:00,149.59,149.67,149.33,149.45,3615
2026-04-28T04:22:20.129444+00:00,149.56,149.59,149.23,149.3,1102
2026-04-28T04:23:20.129444+00:00,149.44,149.72,149.27,149.37,3498
2026-04-28T04:24:20.129444+00:00,149.23,149.42,148.99,149.4,4724
2026-04-28T04:25:20.129444+00:00,149.43,149.62,149.27,149.31,1185
2026-04-28T04:26:20.129444+00:00,149.59,149.68,149.17,149.32,1398
2026-04-28T04:27:20.129444+00:00,149.1,149.42,148.99,149.26,2519
2026-04-28T04:28:20.129444+00:00,149.38,149.6,149.0,149.28,2716
2026-04-28T04:29:20.129444+00:00,149.43,149.65,149.11,149.38,3682
2026-04-28T04:30:20.129444+00:00,149.37,149.76,149.25,149.61,4897
2026-04-28T04:31:20.129444+00:00,149.3,149.64,149.23,149.43,2821
2026-04-28T04:32:20.129444+00:00,150.02,150.27,149.72,149.75,3808
2026-04-28T04:33:20.129444+00:00,149.38,149.73,149.18,149.46,1248
2026-04-28T04:34:20.129444+00:00,149.37,149.49,149.34,149.43,4473
2026-04-28T04:35:20.129444+00:00,149.72,149.74,149.46,149.52,3619
2026-04-28T04:36:20.129444+00:00,149.62,149.63,149.33,149.56,1997
2026-04-28T04:37:20.129444+00:00,149.76,150.0,149.41,149.47,4398
2026-04-28T04:38:20.129444+00:00,149.6,149.66,149.37,149.44,4562
2026-04-28T04:39:20.129444+00:00,149.21,149.6,148.97,149.37,3441
2026-04-28T04:40:20.129444+00:00,148.98,149.53,148.94,149.28,1532
2026-04-28T04:41:20.129444+00:00,149.43,149.67,149.37,149.4,4548
2026-04-28T04:42:20.129444+00:00,149.17,149.46,148.94,149.46,1974
2026-04-28T04:43:20.129444+00:00,149.41,149.41,149.28,149.35,1519
2026-04-28T04:44:20.129444+00:00,149.63,149.79,149.27,149.49,2950
2026-04-28T04:45:20.129444+00:00,149.5,149.64,149.33,149.53,2851
2026-04-28T04:46:20.129444+00:00,149.66,149.94,149.64,149.66,4208
2026-04-28T04:47:20.129444+00:00,150.0,150.19,149.66,149.75,3635
2026-04-28T04:48:20.129444+00:00,149.9,149.92,149.48,149.63,2645
2026-04-28T04:49:20.129444+00:00,149.5,149.57,149.29,149.54,2816
2026-04-28T04:50:20.129444+00:00,149.4,149.68,149.22,149.65,1269
2026-04-28T04:51:20.129444+00:00,149.52,149.93,149.35,149.75,3916
2026-04-28T04:52:20.129444+00:00,149.64,150.04,149.48,149.74,2858
2026-04-28T04:53:20.129444+00:00,149.76,149.89,149.52,149.76,1468
2026-04-28T04:54:20.129444+00:00,150.16,150.36,149.72,149.95,3952
2026-04-28T04:55:20.129444+00:00,150.08,150.21,149.6,149.86,2694
2026-04-28T04:56:20.129444+00:00,149.85,150.08,149.72,149.95,1389
2026-04-28T04:57:20.129444+00:00,149.8,150.01,149.73,149.91,4905
2026-04-28T04:58:20.129444+00:00,149.67,150.16,149.65,149.88,4406
2026-04-28T04:59:20.129444+00:00,149.8,150.18,149.57,150.05,2526
2026-04-28T05:00:20.129444+00:00,150.36,150.53,149.99,150.17,3300
2026-04-28T05:01:20.129444+00:00,150.33,150.53,150.17,150.29,4578
2026-04-28T05:02:20.129444+00:00,150.59,150.81,150.23,150.49,3953
2026-04-28T05:03:20.129444+00:00,150.22,150.58,150.13,150.49,1424
2026-04-28T05:04:20.129444+00:00,150.64,150.71,150.4,150.6,1918
2026-04-28T05:05:20.129444+00:00,150.76,150.86,150.38,150.55,1470
2026-04-28T05:06:20.129444+00:00,150.76,150.93,150.35,150.6,4461
2026-04-28T05:07:20.129444+00:00,150.61,150.85,150.39,150.58,3764
2026-04-28T05:08:20.129444+00:00,150.68,150.69,150.31,150.59,4397
2026-04-28T05:09:20.129444+00:00,150.8,150.81,150.6,150.68,4122
2026-04-28T05:10:20.129444+00:00,150.44,150.66,150.44,150.56,4562
2026-04-28T05:11:20.129444+00:00,150.66,151.07,150.64,150.87,4035
2026-04-28T05:12:20.129444+00:00,150.8,150.81,150.5,150.72,1881
2026-04-28T05:13:20.129444+00:00,150.46,150.68,150.42,150.54,2276
2026-04-28T05:14:20.129444+00:00,150.85,151.08,150.54,150.71,1347
2026-04-28T05:15:20.129444+00:00,151.06,151.11,150.61,150.83,1203
2026-04-28T05:16:20.129444+00:00,151.03,151.11,150.73,150.93,2989
2026-04-28T05:17:20.129444+00:00,151.09,151.21,150.96,151.02,3098
2026-04-28T05:18:20.129444+00:00,150.79,151.15,150.7,151.02,3779
2026-04-28T05:19:20.129444+00:00,150.94,151.1,150.79,150.88,1903
2026-04-28T05:20:20.129444+00:00,150.83,151.08,150.83,150.9,2234
2026-04-28T05:21:20.129444+00:00,151.06,151.29,150.56,150.79,2185
2026-04-28T05:22:20.129444+00:00,150.84,150.94,150.61,150.94,1719
2026-04-28T05:23:20.129444+00:00,150.7,151.08,150.63,150.92,3288
2026-04-28T05:24:20.129444+00:00,151.0,151.24,150.77,150.79,4529
2026-04-28T05:25:20.129444+00:00,150.89,151.02,150.61,150.75,1318
2026-04-28T05:26:20.129444+00:00,151.03,151.2,150.64,150.81,3906
2026-04-28T05:27:20.129444+00:00,150.81,150.9,150.6,150.72,4957
2026-04-28T05:28:20.129444+00:00,150.49,150.84,150.31,150.6,4407
2026-04-28T05:29:20.129444+00:00,150.75,150.86,150.5,150.64,1433
2026-04-28T05:30:20.129444+00:00,150.52,150.85,150.36,150.67,2621
2026-04-28T05:31:20.129444+00:00,150.82,151.04,150.53,150.6,4191
2026-04-28T05:32:20.129444+00:00,150.33,150.68,150.29,150.53,3088
2026-04-28T05:33:20.129444+00:00,150.38,150.79,150.27,150.56,4924
2026-04-28T05:34:20.129444+00:00,150.53,150.78,150.27,150.34,1599
2026-04-28T05:35:20.129444+00:00,149.98,150.18,149.94,150.13,4109
2026-04-28T05:36:20.129444+00:00,150.12,150.17,149.79,150.02,3023
2026-04-28T05:37:20.129444+00:00,149.97,150.16,149.8,149.99,3789
2026-04-28T05:38:20.129444+00:00,150.29,150.46,149.85,150.04,3558
2026-04-28T05:39:20.129444+00:00,150.15,150.55,150.06,150.26,2801
2026-04-28T05:40:20.129444+00:00,150.13,150.52,150.04,150.39,2125
2026-04-28T05:41:20.129444+00:00,150.42,150.53,150.34,150.36,2891
2026-04-28T05:42:20.129444+00:00,150.33,150.38,150.08,150.36,1314
2026-04-28T05:43:20.129444+00:00,150.3,150.59,150.18,150.21,3433
2026-04-28T05:44:20.129444+00:00,150.21,150.35,150.04,150.21,4243
2026-04-28T05:45:20.129444+00:00,150.31,150.32,149.89,150.17,3341
2026-04-28T05:46:20.129444+00:00,150.3,150.4,150.07,150.21,1617
2026-04-28T05:47:20.129444+00:00,150.36,150.5,149.85,150.09,4429
2026-04-28T05:48:20.129444+00:00,150.07,150.38,149.92,150.17,1706
2026-04-28T05:49:20.129444+00:00,150.12,150.61,149.82,150.4,3146
2026-04-28T05:50:20.129444+00:00,150.39,150.44,150.27,150.38,2158
2026-04-28T05:51:20.129444+00:00,150.37,150.67,150.17,150.44,1214
2026-04-28T05:52:20.129444+00:00,150.72,150.91,150.53,150.55,1387
2026-04-28T05:53:20.129444+00:00,150.52,150.64,150.41,150.49,4488
2026-04-28T05:54:20.129444+00:00,150.61,150.89,150.26,150.52,2365
2026-04-28T05:55:20.129444+00:00,150.27,150.72,149.99,150.52,2270
2026-04-28T05:56:20.129444+00:00,150.82,151.03,150.42,150.54,3437
2026-04-28T05:57:20.129444+00:00,150.54,150.57,150.25,150.42,3635
2026-04-28T05:58:20.129444+00:00,150.6,150.84,150.22,150.42,4395
2026-04-28T05:59:20.129444+00:00,150.77,151.07,150.22,150.5,1382
2026-04-28T06:00:20.129444+00:00,150.8,150.93,150.61,150.72,2485
2026-04-28T06:01:20.129444+00:00,150.75,151.15,150.64,150.86,4138
2026-04-28T06:02:20.129444+00:00,151.18,151.25,151.14,151.19,1316
2026-04-28T06:03:20.129444+00:00,150.95,151.31,150.79,151.07,3210
2026-04-28T06:04:20.129444+00:00,151.4,151.67,151.19,151.2,2379
2026-04-28T06:05:20.129444+00:00,151.46,151.64,151.05,151.23,1631
2026-04-28T06:06:20.129444+00:00,151.36,151.81,151.12,151.56,4313
2026-04-28T06:07:20.129444+00:00,151.68,151.9,151.43,151.44,2492
2026-04-28T06:08:20.129444+00:00,151.42,151.49,151.18,151.31,2167
2026-04-28T06:09:20.129444+00:00,151.37,151.61,151.15,151.22,1979
2026-04-28T06:10:20.129444+00:00,150.79,151.14,150.64,150.9,4420
2026-04-28T06:11:20.129444+00:00,150.64,151.03,150.46,150.82,2804
2026-04-28T06:12:20.129444+00:00,150.68,150.79,150.57,150.71,3160
2026-04-28T06:13:20.129444+00:00,150.68,150.78,150.62,150.73,3476
2026-04-28T06:14:20.129444+00:00,150.56,150.86,150.37,150.78,4580
2026-04-28T06:15:20.129444+00:00,150.99,151.35,150.77,151.06,3113
2026-04-28T06:16:20.129444+00:00,151.42,151.51,150.98,151.21,2117
2026-04-28T06:17:20.129444+00:00,151.09,151.28,150.84,151.12,1375
2026-04-28T06:18:20.129444+00:00,151.25,151.32,150.85,150.98,2431
2026-04-28T06:19:20.129444+00:00,151.32,151.44,150.94,151.06,2531
2026-04-28T06:20:20.129444+00:00,150.7,151.16,150.59,150.86,1115
2026-04-28T06:21:20.129444+00:00,151.03,151.17,150.81,151.14,2373
2026-04-28T06:22:20.129444+00:00,151.49,151.53,151.23,151.31,4398
2026-04-28T06:23:20.129444+00:00,151.23,151.49,151.0,151.24,2921
2026-04-28T06:24:20.129444+00:00,150.95,150.99,150.93,150.98,2048
2026-04-28T06:25:20.129444+00:00,151.02,151.23,150.73,151.19,3493
2026-04-28T06:26:20.129444+00:00,151.19,151.22,151.08,151.17,2233
2026-04-28T06:27:20.129444+00:00,151.13,151.43,150.94,151.36,3551
2026-04-28T06:28:20.129444+00:00,151.09,151.15,150.82,151.12,3444
2026-04-28T06:29:20.129444+00:00,151.05,151.24,150.85,151.03,3943
2026-04-28T06:30:20.129444+00:00,150.81,151.16,150.63,151.03,1985
2026-04-28T06:31:20.129444+00:00,151.08,151.13,150.83,151.04,3144
2026-04-28T06:32:20.129444+00:00,151.25,151.27,150.81,150.97,3078
2026-04-28T06:33:20.129444+00:00,151.23,151.39,151.06,151.06,4577
2026-04-28T06:34:20.129444+00:00,150.88,151.09,150.59,150.9,2038
2026-04-28T06:35:20.129444+00:00,151.03,151.14,150.86,150.88,1987
2026-04-28T06:36:20.129444+00:00,151.04,151.23,150.66,150.9,4011
2026-04-28T06:37:20.129444+00:00,151.13,151.17,150.87,150.97,2386
2026-04-28T06:38:20.129444+00:00,151.27,151.32,150.85,151.08,2903
2026-04-28T06:39:20.129444+00:00,151.2,151.35,150.86,150.91,1552
2026-04-28T06:40:20.129444+00:00,150.42,150.91,150.28,150.68,2201
2026-04-28T06:41:20.129444+00:00,150.69,151.11,150.43,150.87,2292
2026-04-28T06:42:20.129444+00:00,151.19,151.34,150.63,150.92,3224
2026-04-28T06:43:20.129444+00:00,150.79,150.82,150.6,150.81,2171
2026-04-28T06:44:20.129444+00:00,150.96,151.28,150.7,151.04,2359
2026-04-28T06:45:20.129444+00:00,150.93,151.3,150.79,151.06,2638
2026-04-28T06:46:20.129444+00:00,151.39,151.66,151.12,151.24,4988
2026-04-28T06:47:20.129444+00:00,151.06,151.46,150.95,151.25,4265
2026-04-28T06:48:20.129444+00:00,151.57,151.82,151.34,151.56,1323
2026-04-28T06:49:20.129444+00:00,151.79,152.13,151.73,151.83,2203
2026-04-28T06:50:20.129444+00:00,151.68,151.82,151.48,151.79,2255
2026-04-28T06:51:20.129444+00:00,151.91,152.16,151.86,151.94,2818
2026-04-28T06:52:20.129444+00:00,151.95,152.05,151.68,152.04,2444
2026-04-28T06:53:20.129444+00:00,152.31,152.45,152.05,152.25,4241
2026-04-28T06:54:20.129444+00:00,152.37,152.39,151.9,152.1,2488
2026-04-28T06:55:20.129444+00:00,152.21,152.44,152.15,152.2,1127
2026-04-28T06:56:20.129444+00:00,152.15,152.55,151.91,152.36,1142
2026-04-28T06:57:20.129444+00:00,151.87,152.17,151.67,152.1,2483
2026-04-28T06:58:20.129444+00:00,151.84,152.09,151.66,151.92,3781
2026-04-28T06:59:20.129444+00:00,151.58,151.72,151.44,151.61,1314
2026-04-28T07:00:20.129444+00:00,151.61,151.77,151.45,151.57,3660
2026-04-28T07:01:20.129444+00:00,151.54,151.97,151.53,151.67,1762
2026-04-28T07:02:20.129444+00:00,151.9,152.02,151.73,151.9,2072
2026-04-28T07:03:20.129444+00:00,152.08,152.29,151.85,151.91,3506
2026-04-28T07:04:20.129444+00:00,152.03,152.44,151.88,152.16,1502
2026-04-28T07:05:20.129444+00:00,151.73,151.97,151.68,151.95,3921
2026-04-28T07:06:20.129444+00:00,151.66,151.72,151.45,151.69,4463
2026-04-28T07:07:20.129444+00:00,151.98,152.18,151.47,151.68,3252
2026-04-28T07:08:20.129444+00:00,151.77,152.04,151.48,151.74,3915
2026-04-28T07:09:20.129444+00:00,151.87,152.08,151.69,151.74,2480
2026-04-28T07:10:20.129444+00:00,151.43,151.47,151.36,151.42,1568
2026-04-28T07:11:20.129444+00:00,151.25,151.56,151.14,151.41,3344
2026-04-28T07:12:20.129444+00:00,151.13,151.46,150.97,151.21,3506
2026-04-28T07:13:20.129444+00:00,151.55,151.57,151.19,151.32,3936
2026-04-28T07:14:20.129444+00:00,151.5,151.66,151.14,151.37,4372
2026-04-28T07:15:20.129444+00:00,151.27,151.31,151.13,151.23,1303
2026-04-28T07:16:20.129444+00:00,151.12,151.36,151.02,151.15,4596
2026-04-28T07:17:20.129444+00:00,151.19,151.36,150.81,150.99,4144
2026-04-28T07:18:20.129444+00:00,151.26,151.39,150.71,150.98,1226
2026-04-28T07:19:20.129444+00:00,151.33,151.48,151.03,151.13,1663
2026-04-28T07:20:20.129444+00:00,150.87,151.19,150.76,150.98,4853
2026-04-28T07:21:20.129444+00:00,151.06,151.15,151.03,151.05,1804
2026-04-28T07:22:20.129444+00:00,151.05,151.22,150.93,150.97,2240
2026-04-28T07:23:20.129444+00:00,150.92,150.95,150.66,150.85,3424
2026-04-28T07:24:20.129444+00:00,151.1,151.15,150.64,150.84,3951
2026-04-28T07:25:20.129444+00:00,150.92,151.02,150.4,150.68,1168
2026-04-28T07:26:20.129444+00:00,150.79,150.8,150.58,150.6,3627
2026-04-28T07:27:20.129444+00:00,150.58,150.66,150.35,150.42,3343
2026-04-28T07:28:20.129444+00:00,150.66,150.91,150.51,150.71,3568
2026-04-28T07:29:20.129444+00:00,150.75,150.94,150.63,150.72,2003
2026-04-28T07:30:20.129444+00:00,150.8,151.0,150.52,150.61,1298
2026-04-28T07:31:20.129444+00:00,150.76,150.81,150.52,150.64,2902
2026-04-28T07:32:20.129444+00:00,150.45,150.81,150.36,150.63,3942
2026-04-28T07:33:20.129444+00:00,150.49,150.89,150.38,150.59,2633
2026-04-28T07:34:20.129444+00:00,150.46,150.8,150.3,150.69,2307
2026-04-28T07:35:20.129444+00:00,150.65,150.84,150.51,150.8,1577
2026-04-28T07:36:20.129444+00:00,150.48,150.81,150.36,150.72,3520
2026-04-28T07:37:20.129444+00:00,150.59,150.92,150.31,150.63,4332
2026-04-28T07:38:20.129444+00:00,150.49,150.77,150.4,150.59,4125
2026-04-28T07:39:20.129444+00:00,150.04,150.55,149.9,150.25,4600
2026-04-28T07:40:20.129444+00:00,149.9,150.03,149.62,150.02,3070
2026-04-28T07:41:20.129444+00:00,150.2,150.3,150.02,150.22,1199
2026-04-28T07:42:20.129444+00:00,150.2,150.62,149.94,150.47,3679
2026-04-28T07:43:20.129444+00:00,150.54,150.62,150.43,150.43,1440
2026-04-28T07:44:20.129444+00:00,150.48,150.79,150.26,150.52,4128
2026-04-28T07:45:20.129444+00:00,150.51,150.58,150.49,150.57,3301
2026-04-28T07:46:20.129444+00:00,150.85,151.2,150.83,151.03,3065
2026-04-28T07:47:20.129444+00:00,151.17,151.37,150.92,151.2,3552
2026-04-28T07:48:20.129444+00:00,151.29,151.33,150.89,151.18,2613
2026-04-28T07:49:20.129444+00:00,150.96,151.34,150.79,151.04,2497
2026-04-28T07:50:20.129444+00:00,150.95,151.01,150.64,150.8,3048
2026-04-28T07:51:20.129444+00:00,150.55,150.84,150.33,150.83,4293
2026-04-28T07:52:20.129444+00:00,150.7,150.85,150.51,150.71,3111
2026-04-28T07:53:20.129444+00:00,150.28,150.78,150.19,150.5,2609
2026-04-28T07:54:20.129444+00:00,150.7,150.92,150.31,150.4,2377
2026-04-28T07:55:20.129444+00:00,150.24,150.4,150.09,150.24,3305
2026-04-28T07:56:20.129444+00:00,150.37,150.74,150.26,150.49,3759
2026-04-28T07:57:20.129444+00:00,150.39,150.75,150.3,150.62,4681
2026-04-28T07:58:20.129444+00:00,150.76,150.97,150.62,150.62,2943
2026-04-28T07:59:20.129444+00:00,150.7,151.04,150.41,150.85,3369
2026-04-28T08:00:20.129444+00:00,150.9,151.12,150.68,150.86,1698
2026-04-28T08:01:20.129444+00:00,150.74,150.96,150.49,150.73,2557
2026-04-28T08:02:20.129444+00:00,150.75,151.16,150.74,150.96,4883
2026-04-28T08:03:20.129444+00:00,151.16,151.22,150.91,151.04,2715
2026-04-28T08:04:20.129444+00:00,150.67,151.09,150.55,150.88,4174
2026-04-28T08:05:20.129444+00:00,150.92,151.06,150.6,150.85,3979
2026-04-28T08:06:20.129444+00:00,150.46,150.76,150.4,150.72,2331
2026-04-28T08:07:20.129444+00:00,150.81,150.96,150.4,150.51,4918
2026-04-28T08:08:20.129444+00:00,138.42,138.85,138.32,138.6,12255
2026-04-28T08:09:20.129444+00:00,138.96,139.2,138.68,138.87,21455
2026-04-28T08:10:20.129444+00:00,138.78,138.95,138.62,138.67,10045
2026-04-28T08:11:20.129444+00:00,138.63,138.83,138.37,138.75,11095
2026-04-28T08:12:20.129444+00:00,138.81,139.01,138.47,138.66,15010
2026-04-28T08:13:20.129444+00:00,138.49,138.69,138.23,138.59,21285
2026-04-28T08:14:20.129444+00:00,138.63,138.71,138.35,138.51,16120
2026-04-28T08:15:20.129444+00:00,138.32,138.66,138.1,138.39,24550
2026-04-28T08:16:20.129444+00:00,138.55,138.59,138.39,138.4,24560
2026-04-28T08:17:20.129444+00:00,138.4,138.5,138.16,138.28,10250
2026-04-28T08:18:20.129444+00:00,150.5,150.56,150.1,150.35,10550
2026-04-28T08:19:20.129444+00:00,150.6,150.81,150.3,150.34,3521
2026-04-28T08:20:20.129444+00:00,150.45,150.52,150.29,150.3,4707
2026-04-28T08:21:20.129444+00:00,150.19,150.38,150.15,150.17,2692
2026-04-28T08:22:20.129444+00:00,149.98,150.22,149.77,150.08,1563
2026-04-28T08:23:20.129444+00:00,149.9,150.36,149.62,150.19,2666
2026-04-28T08:24:20.129444+00:00,150.36,150.63,150.13,150.27,3664
2026-04-28T08:25:20.129444+00:00,149.94,150.41,149.85,150.12,3645
2026-04-28T08:26:20.129444+00:00,149.87,150.37,149.68,150.14,1951
2026-04-28T08:27:20.129444+00:00,150.27,150.49,149.97,150.25,4740
2026-04-28T08:28:20.129444+00:00,150.25,150.38,149.75,150.0,4825
2026-04-28T08:29:20.129444+00:00,150.33,150.63,149.96,150.08,3029
2026-04-28T08:30:20.129444+00:00,149.79,150.21,149.53,149.98,2185
2026-04-28T08:31:20.129444+00:00,150.29,150.3,149.9,150.07,1439
2026-04-28T08:32:20.129444+00:00,150.21,150.31,149.82,149.95,3626
2026-04-28T08:33:20.129444+00:00,149.71,149.86,149.4,149.68,4485
2026-04-28T08:34:20.129444+00:00,149.44,149.52,149.2,149.44,2354
2026-04-28T08:35:20.129444+00:00,149.24,149.58,149.17,149.45,1762
2026-04-28T08:36:20.129444+00:00,149.19,149.59,149.11,149.49,3762
2026-04-28T08:37:20.129444+00:00,149.5,149.56,149.09,149.35,4674
2026-04-28T08:38:20.129444+00:00,149.39,149.57,149.29,149.45,2641
2026-04-28T08:39:20.129444+00:00,149.3,149.35,149.16,149.2,2325
2026-04-28T08:40:20.129444+00:00,149.45,149.45,149.07,149.19,2829
2026-04-28T08:41:20.129444+00:00,149.16,149.44,148.92,149.01,3960
2026-04-28T08:42:20.129444+00:00,148.95,149.03,148.8,148.91,1967
2026-04-28T08:43:20.129444+00:00,148.66,148.95,148.56,148.92,2660
2026-04-28T08:44:20.129444+00:00,148.9,149.17,148.52,148.79,4153
2026-04-28T08:45:20.129444+00:00,148.62,148.77,148.35,148.73,2208
2026-04-28T08:46:20.129444+00:00,148.8,148.95,148.52,148.88,2958
2026-04-28T08:47:20.129444+00:00,148.59,149.02,148.41,148.8,2703
2026-04-28T08:48:20.129444+00:00,149.04,149.31,148.69,148.92,4284
2026-04-28T08:49:20.129444+00:00,148.85,148.91,148.68,148.75,4091
2026-04-28T08:50:20.129444+00:00,148.89,149.12,148.67,148.83,3163
2026-04-28T08:51:20.129444+00:00,149.17,149.19,148.88,149.05,1252
2026-04-28T08:52:20.129444+00:00,148.87,149.14,148.62,148.68,3198
2026-04-28T08:53:20.129444+00:00,148.35,148.66,148.2,148.56,1476
2026-04-28T08:54:20.129444+00:00,148.75,148.97,148.5,148.64,4681
2026-04-28T08:55:20.129444+00:00,148.62,148.86,148.48,148.61,3102
2026-04-28T08:56:20.129444+00:00,148.62,148.84,148.45,148.67,3755
2026-04-28T08:57:20.129444+00:00,148.76,148.98,148.46,148.58,4344
2026-04-28T08:58:20.129444+00:00,148.3,148.66,148.28,148.59,2735
2026-04-28T08:59:20.129444+00:00,148.48,148.59,148.18,148.57,4828
2026-04-28T09:00:20.129444+00:00,148.98,149.27,148.6,148.74,2175
2026-04-28T09:01:20.129444+00:00,148.73,149.01,148.5,148.78,3987
2026-04-28T09:02:20.129444+00:00,148.92,149.04,148.54,148.83,2566
2026-04-28T09:03:20.129444+00:00,148.74,149.04,148.63,148.77,1328
2026-04-28T09:04:20.129444+00:00,148.81,149.0,148.54,148.7,3676
2026-04-28T09:05:20.129444+00:00,148.85,148.88,148.34,148.63,2609
2026-04-28T09:06:20.129444+00:00,148.71,148.93,148.63,148.69,1014
2026-04-28T09:07:20.129444+00:00,148.78,149.07,148.49,148.63,3945
2026-04-28T09:08:20.129444+00:00,148.7,148.86,148.43,148.67,2013
2026-04-28T09:09:20.129444+00:00,148.96,149.03,148.9,148.98,4584
2026-04-28T09:10:20.129444+00:00,149.25,149.28,148.87,149.11,2717
2026-04-28T09:11:20.129444+00:00,149.13,149.41,148.8,149.06,1985
2026-04-28T09:12:20.129444+00:00,149.07,149.27,149.06,149.24,3448
2026-04-28T09:13:20.129444+00:00,149.28,149.54,149.11,149.18,1181
2026-04-28T09:14:20.129444+00:00,148.82,148.95,148.75,148.88,4537
2026-04-28T09:15:20.129444+00:00,148.89,148.93,148.43,148.73,1959
2026-04-28T09:16:20.129444+00:00,148.64,148.85,148.35,148.45,3449
2026-04-28T09:17:20.129444+00:00,148.56,148.8,148.33,148.4,4589
2026-04-28T09:18:20.129444+00:00,148.19,148.6,148.12,148.4,2230
2026-04-28T09:19:20.129444+00:00,148.51,148.81,148.34,148.65,4011
2026-04-28T09:20:20.129444+00:00,148.94,149.13,148.57,148.7,3030
2026-04-28T09:21:20.129444+00:00,148.4,148.77,148.2,148.66,2561
2026-04-28T09:22:20.129444+00:00,148.96,149.05,148.66,148.79,1611
2026-04-28T09:23:20.129444+00:00,148.34,148.51,148.18,148.46,1987
2026-04-28T09:24:20.129444+00:00,148.7,148.79,148.28,148.49,4300
2026-04-28T09:25:20.129444+00:00,148.59,148.63,148.46,148.61,2706
2026-04-28T09:26:20.129444+00:00,148.42,148.46,148.32,148.39,1832
2026-04-28T09:27:20.129444+00:00,148.46,148.58,148.32,148.56,2519
2026-04-28T09:28:20.129444+00:00,148.37,148.82,148.31,148.61,2099
2026-04-28T09:29:20.129444+00:00,148.47,148.73,148.46,148.55,1298
2026-04-28T09:30:20.129444+00:00,148.46,148.87,148.24,148.64,3289
2026-04-28T09:31:20.129444+00:00,148.81,149.04,148.54,148.98,2241
2026-04-28T09:32:20.129444+00:00,149.28,149.28,148.73,149.01,4940
2026-04-28T09:33:20.129444+00:00,149.19,149.41,148.82,149.04,4745
2026-04-28T09:34:20.129444+00:00,148.82,149.16,148.76,148.98,4748
2026-04-28T09:35:20.129444+00:00,148.69,148.94,148.61,148.85,2909
2026-04-28T09:36:20.129444+00:00,148.99,149.1,148.89,148.97,3100
2026-04-28T09:37:20.129444+00:00,149.07,149.21,148.61,148.84,3959
2026-04-28T09:38:20.129444+00:00,148.84,149.11,148.57,148.86,2518
2026-04-28T09:39:20.129444+00:00,148.67,148.8,148.42,148.78,4036
2026-04-28T09:40:20.129444+00:00,148.64,148.93,148.37,148.86,3372
2026-04-28T09:41:20.129444+00:00,149.04,149.12,148.85,148.91,1942
2026-04-28T09:42:20.129444+00:00,148.99,149.31,148.84,149.06,3681
2026-04-28T09:43:20.129444+00:00,149.25,149.35,148.76,148.98,3001
2026-04-28T09:44:20.129444+00:00,149.22,149.41,148.8,148.94,1689
2026-04-28T09:45:20.129444+00:00,148.94,149.04,148.76,148.8,3238
2026-04-28T09:46:20.129444+00:00,148.73,149.0,148.56,148.73,3628
2026-04-28T09:47:20.129444+00:00,149.06,149.22,148.54,148.79,1304
2026-04-28T09:48:20.129444+00:00,149.17,149.37,148.67,148.9,2689
2026-04-28T09:49:20.129444+00:00,148.55,148.95,148.53,148.76,1618
2026-04-28T09:50:20.129444+00:00,148.6,149.04,148.49,148.89,3530
2026-04-28T09:51:20.129444+00:00,149.18,149.46,148.82,149.1,3700
2026-04-28T09:52:20.129444+00:00,149.15,149.16,148.98,149.16,1048
2026-04-28T09:53:20.129444+00:00,149.15,149.65,148.99,149.44,2174
2026-04-28T09:54:20.129444+00:00,149.03,149.56,148.83,149.32,4302
2026-04-28T09:55:20.129444+00:00,149.4,149.45,148.86,149.14,3147
2026-04-28T09:56:20.129444+00:00,148.66,148.93,148.5,148.87,4339
2026-04-28T09:57:20.129444+00:00,149.01,149.33,148.98,149.09,4929
2026-04-28T09:58:20.129444+00:00,149.13,149.36,148.84,149.19,1925
2026-04-28T09:59:20.129444+00:00,149.06,149.43,149.04,149.18,4515
2026-04-28T10:00:20.129444+00:00,149.31,149.32,149.1,149.22,2544
2026-04-28T10:01:20.129444+00:00,149.09,149.1,149.05,149.06,1701
2026-04-28T10:02:20.129444+00:00,149.17,149.67,148.98,149.42,2356
2026-04-28T10:03:20.129444+00:00,149.48,149.74,149.41,149.44,3163
2026-04-28T10:04:20.129444+00:00,149.71,149.78,149.19,149.46,3835
2026-04-28T10:05:20.129444+00:00,149.8,149.94,149.55,149.57,1304
2026-04-28T10:06:20.129444+00:00,149.75,149.83,149.48,149.64,3695
2026-04-28T10:07:20.129444+00:00,149.39,149.95,149.3,149.67,4938
2026-04-28T10:08:20.129444+00:00,149.38,149.6,149.13,149.55,4362
2026-04-28T10:09:20.129444+00:00,149.56,149.65,149.51,149.62,1984
2026-04-28T10:10:20.129444+00:00,149.95,150.2,149.7,149.91,3214
2026-04-28T10:11:20.129444+00:00,150.01,150.33,149.96,150.11,3823
2026-04-28T10:12:20.129444+00:00,150.48,150.63,150.05,150.35,1219
2026-04-28T10:13:20.129444+00:00,150.03,150.34,150.01,150.27,3478
2026-04-28T10:14:20.129444+00:00,150.28,150.57,150.0,150.12,4168
2026-04-28T10:15:20.129444+00:00,150.0,150.29,149.76,150.1,2845
2026-04-28T10:16:20.129444+00:00,150.1,150.22,149.82,150.11,2768
2026-04-28T10:17:20.129444+00:00,150.09,150.45,149.97,150.27,4162
2026-04-28T10:18:20.129444+00:00,150.09,150.33,149.81,150.02,1336
2026-04-28T10:19:20.129444+00:00,150.11,150.36,149.88,150.25,1631
2026-04-28T10:20:20.129444+00:00,150.37,150.47,150.19,150.23,1021
2026-04-28T10:21:20.129444+00:00,150.43,150.56,149.93,150.16,1418
2026-04-28T10:22:20.129444+00:00,149.79,150.07,149.66,150.01,3272
2026-04-28T10:23:20.129444+00:00,149.77,149.8,149.74,149.76,3270
2026-04-28T10:24:20.129444+00:00,149.64,150.07,149.54,149.89,2577
2026-04-28T10:25:20.129444+00:00,149.6,150.02,149.37,149.9,3968
2026-04-28T10:26:20.129444+00:00,149.94,150.21,149.41,149.7,3342
2026-04-28T10:27:20.129444+00:00,149.52,149.73,149.46,149.51,2101
2026-04-28T10:28:20.129444+00:00,149.34,149.61,149.32,149.46,2780
2026-04-28T10:29:20.129444+00:00,149.58,149.8,149.34,149.71,2479
2026-04-28T10:30:20.129444+00:00,149.52,149.74,149.33,149.67,3432
2026-04-28T10:31:20.129444+00:00,149.52,149.65,149.41,149.45,1027
2026-04-28T10:32:20.129444+00:00,149.68,149.78,149.22,149.41,4293
2026-04-28T10:33:20.129444+00:00,149.58,149.72,149.24,149.37,4373
2026-04-28T10:34:20.129444+00:00,149.18,149.47,148.93,148.97,2313
2026-04-28T10:35:20.129444+00:00,149.02,149.23,148.82,148.96,1727
2026-04-28T10:36:20.129444+00:00,149.2,149.49,148.84,148.92,3846
2026-04-28T10:37:20.129444+00:00,149.11,149.39,148.79,149.03,2334
2026-04-28T10:38:20.129444+00:00,149.23,149.55,149.11,149.3,1466
2026-04-28T10:39:20.129444+00:00,149.73,149.79,149.17,149.47,1736
2026-04-28T10:40:20.129444+00:00,149.54,149.7,149.15,149.43,2890
2026-04-28T10:41:20.129444+00:00,149.53,149.59,149.03,149.27,4404
2026-04-28T10:42:20.129444+00:00,149.77,150.01,149.41,149.65,2675
2026-04-28T10:43:20.129444+00:00,149.76,149.8,149.57,149.66,2034
2026-04-28T10:44:20.129444+00:00,149.76,149.97,149.43,149.66,1302
2026-04-28T10:45:20.129444+00:00,149.63,149.84,149.45,149.66,3188
2026-04-28T10:46:20.129444+00:00,149.69,149.97,149.48,149.69,3226
2026-04-28T10:47:20.129444+00:00,149.39,149.96,149.18,149.67,4327
2026-04-28T10:48:20.129444+00:00,149.6,149.79,149.55,149.58,4149
2026-04-28T10:49:20.129444+00:00,149.35,149.7,149.3,149.5,3509
2026-04-28T10:50:20.129444+00:00,149.22,149.79,149.02,149.49,2636
2026-04-28T10:51:20.129444+00:00,149.69,149.79,149.17,149.41,1433
2026-04-28T10:52:20.129444+00:00,149.01,149.38,148.86,149.31,3124
2026-04-28T10:53:20.129444+00:00,149.36,149.56,149.26,149.32,2532
2026-04-28T10:54:20.129444+00:00,149.22,149.51,149.04,149.28,3049
2026-04-28T10:55:20.129444+00:00,149.3,149.81,149.15,149.51,2210
2026-04-28T10:56:20.129444+00:00,149.06,149.4,149.03,149.11,4853
2026-04-28T10:57:20.129444+00:00,149.41,149.52,149.17,149.28,4212
2026-04-28T10:58:20.129444+00:00,149.29,149.61,149.14,149.46,2794
2026-04-28T10:59:20.129444+00:00,149.28,149.42,149.13,149.15,1183
2026-04-28T11:00:20.129444+00:00,149.29,149.32,148.85,149.1,3654
2026-04-28T11:01:20.129444+00:00,148.81,149.28,148.54,149.05,4033
2026-04-28T11:02:20.129444+00:00,148.68,148.89,148.64,148.84,3293
2026-04-28T11:03:20.129444+00:00,148.68,148.86,148.44,148.72,3579
2026-04-28T11:04:20.129444+00:00,148.37,148.75,148.24,148.55,1119
2026-04-28T11:05:20.129444+00:00,148.96,149.22,148.68,148.82,2759
2026-04-28T11:06:20.129444+00:00,148.89,149.16,148.83,148.95,4081
2026-04-28T11:07:20.129444+00:00,149.27,149.5,148.97,149.14,4274
2026-04-28T11:08:20.129444+00:00,149.47,149.53,149.15,149.25,2874
2026-04-28T11:09:20.129444+00:00,148.85,149.28,148.71,149.08,4956
2026-04-28T11:10:20.129444+00:00,149.09,149.27,148.82,149.01,3404
2026-04-28T11:11:20.129444+00:00,148.85,149.18,148.71,149.08,1706
2026-04-28T11:12:20.129444+00:00,149.08,149.29,148.81,148.9,3516
2026-04-28T11:13:20.129444+00:00,149.06,149.26,148.91,149.0,1977
2026-04-28T11:14:20.129444+00:00,148.85,149.02,148.64,148.97,3092
2026-04-28T11:15:20.129444+00:00,148.84,149.09,148.67,148.91,2732
2026-04-28T11:16:20.129444+00:00,148.83,149.21,148.62,149.02,3642
2026-04-28T11:17:20.129444+00:00,149.34,149.39,149.03,149.08,2183
2026-04-28T11:18:20.129444+00:00,148.81,149.12,148.68,149.03,1219
2026-04-28T11:19:20.129444+00:00,149.42,149.7,149.06,149.2,1799
2026-04-28T11:20:20.129444+00:00,149.23,149.52,148.89,149.04,3027
2026-04-28T11:21:20.129444+00:00,149.08,149.28,148.87,149.13,2818
2026-04-28T11:22:20.129444+00:00,149.21,149.25,149.21,149.22,4117
2026-04-28T11:23:20.129444+00:00,149.01,149.18,148.94,149.17,2182
2026-04-28T11:24:20.129444+00:00,149.03,149.36,148.8,149.22,4137
2026-04-28T11:25:20.129444+00:00,149.03,149.19,148.86,149.04,2097
2026-04-28T11:26:20.129444+00:00,149.34,149.58,149.07,149.17,4369
2026-04-28T11:27:20.129444+00:00,149.3,149.53,149.02,149.15,1895
2026-04-28T11:28:20.129444+00:00,149.36,149.39,148.82,149.07,4077
2026-04-28T11:29:20.129444+00:00,149.07,149.49,149.07,149.23,2076
2026-04-28T11:30:20.129444+00:00,149.03,149.36,148.9,149.12,1480
2026-04-28T11:31:20.129444+00:00,149.07,149.15,148.67,148.91,3408
2026-04-28T11:32:20.129444+00:00,148.79,149.05,148.5,148.68,2753
2026-04-28T11:33:20.129444+00:00,148.57,148.81,148.51,148.77,1847
2026-04-28T11:34:20.129444+00:00,148.76,148.93,148.42,148.58,3444
2026-04-28T11:35:20.129444+00:00,148.86,148.96,148.63,148.84,2185
2026-04-28T11:36:20.129444+00:00,148.57,148.86,148.38,148.53,4687
2026-04-28T11:37:20.129444+00:00,148.89,148.92,148.5,148.78,4218
2026-04-28T11:38:20.129444+00:00,148.76,148.83,148.68,148.81,3686
2026-04-28T11:39:20.129444+00:00,148.58,149.06,148.5,148.8,3913
2026-04-28T11:40:20.129444+00:00,148.61,148.79,148.36,148.72,2608
2026-04-28T11:41:20.129444+00:00,148.77,148.95,148.69,148.78,2696
2026-04-28T11:42:20.129444+00:00,148.7,148.79,148.46,148.77,4149
2026-04-28T11:43:20.129444+00:00,148.69,149.09,148.61,148.94,4835
2026-04-28T11:44:20.129444+00:00,149.18,149.31,148.81,148.95,3383
2026-04-28T11:45:20.129444+00:00,148.68,149.21,148.46,148.98,3993
2026-04-28T11:46:20.129444+00:00,149.2,149.39,148.71,148.92,4482
2026-04-28T11:47:20.129444+00:00,148.65,149.07,148.59,148.91,2759
2026-04-28T11:48:20.129444+00:00,149.15,149.3,148.86,148.96,2161
2026-04-28T11:49:20.129444+00:00,148.61,148.88,148.44,148.7,2987
2026-04-28T11:50:20.129444+00:00,148.68,148.94,148.28,148.5,1188
2026-04-28T11:51:20.129444+00:00,148.38,148.85,148.24,148.61,1508
2026-04-28T11:52:20.129444+00:00,148.9,148.94,148.5,148.64,4924
2026-04-28T11:53:20.129444+00:00,148.57,148.91,148.3,148.61,4613
2026-04-28T11:54:20.129444+00:00,148.7,148.75,148.34,148.62,2122
2026-04-28T11:55:20.129444+00:00,148.43,148.77,148.4,148.67,3721
2026-04-28T11:56:20.129444+00:00,148.83,148.88,148.47,148.59,2251
2026-04-28T11:57:20.129444+00:00,148.61,148.83,148.34,148.47,1373
2026-04-28T11:58:20.129444+00:00,148.62,148.62,148.36,148.5,1543
2026-04-28T11:59:20.129444+00:00,148.41,148.56,148.22,148.35,1033
2026-04-28T12:00:20.129444+00:00,148.53,148.77,148.12,148.42,2729
2026-04-28T12:01:20.129444+00:00,148.28,148.42,148.1,148.16,1365
2026-04-28T12:02:20.129444+00:00,148.45,148.48,148.22,148.32,4608
2026-04-28T12:03:20.129444+00:00,148.27,148.5,148.03,148.39,4581
2026-04-28T12:04:20.129444+00:00,148.21,148.72,148.16,148.42,3172
2026-04-28T12:05:20.129444+00:00,148.61,148.79,148.52,148.57,2438
2026-04-28T12:06:20.129444+00:00,148.95,149.14,148.77,148.82,2686
2026-04-28T12:07:20.129444+00:00,149.04,149.17,148.9,148.97,4672
2026-04-28T12:08:20.129444+00:00,148.46,148.92,148.28,148.69,2572
2026-04-28T12:09:20.129444+00:00,148.42,148.63,148.18,148.5,2014
2026-04-28T12:10:20.129444+00:00,148.28,148.44,148.11,148.41,3457
2026-04-28T12:11:20.129444+00:00,148.55,148.63,148.14,148.42,1109
2026-04-28T12:12:20.129444+00:00,148.7,148.89,148.4,148.49,3120
2026-04-28T12:13:20.129444+00:00,148.45,148.5,148.27,148.38,3646
2026-04-28T12:14:20.129444+00:00,148.15,148.68,147.86,148.41,3027
2026-04-28T12:15:20.129444+00:00,148.23,148.37,148.04,148.3,1290
2026-04-28T12:16:20.129444+00:00,148.23,148.52,147.92,148.21,4825
2026-04-28T12:17:20.129444+00:00,147.89,148.12,147.64,148.0,2723
2026-04-28T12:18:20.129444+00:00,147.78,148.07,147.56,147.86,4909
2026-04-28T12:19:20.129444+00:00,147.95,147.97,147.49,147.66,1056
2026-04-28T12:20:20.129444+00:00,147.38,147.53,147.36,147.52,4232
2026-04-28T12:21:20.129444+00:00,147.62,147.76,147.41,147.68,4142
2026-04-28T12:22:20.129444+00:00,147.49,147.74,147.46,147.54,3197
2026-04-28T12:23:20.129444+00:00,147.95,147.99,147.9,147.93,1323
2026-04-28T12:24:20.129444+00:00,148.0,148.06,147.76,148.0,3197
2026-04-28T12:25:20.129444+00:00,147.92,148.2,147.7,148.03,3661
2026-04-28T12:26:20.129444+00:00,148.01,148.03,147.69,147.9,3989
2026-04-28T12:27:20.129444+00:00,148.27,148.34,147.93,148.0,4787
2026-04-28T12:28:20.129444+00:00,147.88,148.05,147.7,147.92,2266
2026-04-28T12:29:20.129444+00:00,148.03,148.23,147.88,147.93,1051
2026-04-28T12:30:20.129444+00:00,148.44,148.65,148.27,148.31,4903
2026-04-28T12:31:20.129444+00:00,148.21,148.45,147.96,148.3,2061
2026-04-28T12:32:20.129444+00:00,148.27,148.51,148.04,148.47,2100
2026-04-28T12:33:20.129444+00:00,148.5,148.54,148.1,148.37,2372
2026-04-28T12:34:20.129444+00:00,148.54,148.62,148.34,148.36,3917
2026-04-28T12:35:20.129444+00:00,148.91,149.09,148.48,148.62,3092
2026-04-28T12:36:20.129444+00:00,148.45,148.68,148.28,148.53,2506
2026-04-28T12:37:20.129444+00:00,148.6,149.03,148.33,148.8,3761
2026-04-28T12:38:20.129444+00:00,149.04,149.11,148.75,148.91,1180
2026-04-28T12:39:20.129444+00:00,149.04,149.04,148.81,148.82,2490
2026-04-28T12:40:20.129444+00:00,148.85,148.96,148.57,148.92,4512
2026-04-28T12:41:20.129444+00:00,148.78,149.3,148.57,149.06,3685
2026-04-28T12:42:20.129444+00:00,149.11,149.25,148.98,149.15,3950
2026-04-28T12:43:20.129444+00:00,148.81,149.17,148.64,148.92,1489
2026-04-28T12:44:20.129444+00:00,148.81,149.08,148.76,148.81,4294
2026-04-28T12:45:20.129444+00:00,148.78,148.8,148.66,148.77,4592
2026-04-28T12:46:20.129444+00:00,148.74,148.85,148.49,148.76,2340
2026-04-28T12:47:20.129444+00:00,148.61,148.99,148.5,148.86,2194
2026-04-28T12:48:20.129444+00:00,148.92,149.01,148.7,148.88,2900
2026-04-28T12:49:20.129444+00:00,148.61,148.97,148.31,148.68,4178
2026-04-28T12:50:20.129444+00:00,148.56,149.01,148.33,148.74,2004
2026-04-28T12:51:20.129444+00:00,148.62,149.11,148.62,148.83,3218
2026-04-28T12:52:20.129444+00:00,148.82,149.16,148.56,148.91,4895
2026-04-28T12:53:20.129444+00:00,148.98,149.3,148.86,149.08,4023
2026-04-28T12:54:20.129444+00:00,149.34,149.37,149.04,149.2,1975
2026-04-28T12:55:20.129444+00:00,149.22,149.56,148.93,149.27,1583
2026-04-28T12:56:20.129444+00:00,149.38,149.41,148.98,149.26,4675
2026-04-28T12:57:20.129444+00:00,149.22,149.34,148.74,149.01,2877
2026-04-28T12:58:20.129444+00:00,149.36,149.38,149.05,149.07,1546
2026-04-28T12:59:20.129444+00:00,149.19,149.3,148.93,149.1,1255
2026-04-28T13:00:20.129444+00:00,149.11,149.43,149.04,149.15,2069
2026-04-28T13:01:20.129444+00:00,149.16,149.44,148.84,148.96,4407
2026-04-28T13:02:20.129444+00:00,148.93,149.03,148.71,148.79,1305
2026-04-28T13:03:20.129444+00:00,149.22,149.26,148.72,148.95,1446
2026-04-28T13:04:20.129444+00:00,148.74,148.99,148.6,148.95,2665
2026-04-28T13:05:20.129444+00:00,148.82,149.15,148.59,149.05,2851
2026-04-28T13:06:20.129444+00:00,148.94,149.13,148.9,149.05,1645
2026-04-28T13:07:20.129444+00:00,149.24,149.33,148.85,149.06,3471
2026-04-28T13:08:20.129444+00:00,148.92,149.44,148.82,149.2,1373
2026-04-28T13:09:20.129444+00:00,149.24,149.53,149.0,149.12,1200
2026-04-28T13:10:20.129444+00:00,149.24,149.32,148.84,149.13,1127
2026-04-28T13:11:20.129444+00:00,149.33,149.59,148.9,149.06,3253
2026-04-28T13:12:20.129444+00:00,148.85,149.14,148.61,149.0,1572
2026-04-28T13:13:20.129444+00:00,148.73,148.97,148.49,148.95,1910
2026-04-28T13:14:20.129444+00:00,148.77,149.23,148.65,148.99,3581
2026-04-28T13:15:20.129444+00:00,149.18,149.2,148.74,148.91,4757
2026-04-28T13:16:20.129444+00:00,149.29,149.29,149.08,149.1,4696
2026-04-28T13:17:20.129444+00:00,149.06,149.3,148.94,148.97,4470
2026-04-28T13:18:20.129444+00:00,149.14,149.24,148.93,148.94,2888
2026-04-28T13:19:20.129444+00:00,148.61,149.15,148.48,148.88,3967
2026-04-28T13:20:20.129444+00:00,149.03,149.1,148.82,149.09,1707
2026-04-28T13:21:20.129444+00:00,149.03,149.39,148.95,149.12,2826
2026-04-28T13:22:20.129444+00:00,149.5,149.51,149.09,149.27,2006
2026-04-28T13:23:20.129444+00:00,149.14,149.29,148.79,149.05,2962
2026-04-28T13:24:20.129444+00:00,148.83,149.18,148.79,149.09,1816
2026-04-28T13:25:20.129444+00:00,149.31,149.55,149.15,149.22,4285
2026-04-28T13:26:20.129444+00:00,149.26,149.27,149.12,149.24,3921
2026-04-28T13:27:20.129444+00:00,149.31,149.56,149.17,149.4,4738
2026-04-28T13:28:20.129444+00:00,149.36,149.45,149.24,149.32,1106
2026-04-28T13:29:20.129444+00:00,149.42,149.6,149.15,149.53,4188
2026-04-28T13:30:20.129444+00:00,149.74,150.12,149.6,149.87,2464
2026-04-28T13:31:20.129444+00:00,149.98,150.28,149.53,149.82,1410
2026-04-28T13:32:20.129444+00:00,149.6,149.82,149.44,149.75,4240
2026-04-28T13:33:20.129444+00:00,150.22,150.24,149.67,149.97,1898
2026-04-28T13:34:20.129444+00:00,150.25,150.55,150.09,150.21,4830
2026-04-28T13:35:20.129444+00:00,150.33,150.59,150.08,150.13,3426
2026-04-28T13:36:20.129444+00:00,149.96,150.29,149.85,150.07,3423
2026-04-28T13:37:20.129444+00:00,149.74,150.23,149.46,150.02,3308
2026-04-28T13:38:20.129444+00:00,149.61,150.11,149.36,149.82,4319
2026-04-28T13:39:20.129444+00:00,149.91,150.06,149.59,149.68,3008
2026-04-28T13:40:20.129444+00:00,149.26,149.55,149.08,149.53,1081
2026-04-28T13:41:20.129444+00:00,149.44,149.44,149.15,149.42,1825
2026-04-28T13:42:20.129444+00:00,149.6,149.7,149.36,149.41,4286
2026-04-28T13:43:20.129444+00:00,149.66,149.75,149.44,149.45,3402
2026-04-28T13:44:20.129444+00:00,149.8,149.85,149.65,149.68,3155
2026-04-28T13:45:20.129444+00:00,149.75,150.03,149.42,149.53,4858
2026-04-28T13:46:20.129444+00:00,149.78,149.95,149.58,149.68,2321
2026-04-28T13:47:20.129444+00:00,149.43,149.69,149.15,149.65,4243
2026-04-28T13:48:20.129444+00:00,149.72,149.87,149.54,149.64,3896
2026-04-28T13:49:20.129444+00:00,150.02,150.23,149.46,149.74,4223
2026-04-28T13:50:20.129444+00:00,149.49,149.77,149.24,149.57,2549
2026-04-28T13:51:20.129444+00:00,149.51,149.84,149.48,149.63,3985
2026-04-28T13:52:20.129444+00:00,149.36,149.86,149.19,149.65,4484
2026-04-28T13:53:20.129444+00:00,150.02,150.31,149.72,149.73,3467
2026-04-28T13:54:20.129444+00:00,149.66,150.01,149.48,149.77,3619
2026-04-28T13:55:20.129444+00:00,150.18,150.46,150.1,150.14,4052
2026-04-28T13:56:20.129444+00:00,149.79,150.15,149.69,150.04,3605
2026-04-28T13:57:20.129444+00:00,150.2,150.22,149.75,149.96,3617
2026-04-28T13:58:20.129444+00:00,150.01,150.11,149.87,149.87,1858
2026-04-28T13:59:20.129444+00:00,149.64,149.81,149.56,149.79,1442
2026-04-28T14:00:20.129444+00:00,149.82,149.84,149.56,149.69,2718
2026-04-28T14:01:20.129444+00:00,150.15,150.42,149.72,149.87,2551
2026-04-28T14:02:20.129444+00:00,149.99,150.2,149.75,150.08,4230
2026-04-28T14:03:20.129444+00:00,150.22,150.41,149.79,150.0,1666
2026-04-28T14:04:20.129444+00:00,149.84,150.11,149.83,149.87,1082
2026-04-28T14:05:20.129444+00:00,149.84,150.23,149.81,149.94,1696
2026-04-28T14:06:20.129444+00:00,150.09,150.14,149.84,149.86,4857
2026-04-28T14:07:20.129444+00:00,150.19,150.22,149.78,149.96,3513
2026-04-28T14:08:20.129444+00:00,150.22,150.43,149.86,149.99,3677
2026-04-28T14:09:20.129444+00:00,149.56,150.03,149.51,149.76,1414
2026-04-28T14:10:20.129444+00:00,149.89,150.28,149.77,149.99,3269
2026-04-28T14:11:20.129444+00:00,150.39,150.61,150.18,150.26,2153
2026-04-28T14:12:20.129444+00:00,150.05,150.2,149.93,150.17,3251
2026-04-28T14:13:20.129444+00:00,150.31,150.36,150.0,150.11,2751
2026-04-28T14:14:20.129444+00:00,149.91,150.4,149.72,150.15,2967
2026-04-28T14:15:20.129444+00:00,150.02,150.21,149.97,150.2,2195
2026-04-28T14:16:20.129444+00:00,150.59,150.73,150.27,150.3,4214
2026-04-28T14:17:20.129444+00:00,150.54,150.75,150.34,150.61,1373
2026-04-28T14:18:20.129444+00:00,150.66,150.78,150.47,150.58,2562
2026-04-28T14:19:20.129444+00:00,150.38,150.59,150.3,150.46,2904
2026-04-28T14:20:20.129444+00:00,150.11,150.5,149.94,150.25,1619
2026-04-28T14:21:20.129444+00:00,150.29,150.49,150.12,150.14,2408
2026-04-28T14:22:20.129444+00:00,150.32,150.45,149.91,150.14,1931
2026-04-28T14:23:20.129444+00:00,150.44,150.69,150.16,150.41,2714
2026-04-28T14:24:20.129444+00:00,150.61,150.81,150.05,150.33,3345
2026-04-28T14:25:20.129444+00:00,150.59,150.73,150.34,150.36,4697
2026-04-28T14:26:20.129444+00:00,150.57,150.58,150.19,150.36,3116
2026-04-28T14:27:20.129444+00:00,150.72,150.92,150.35,150.54,1492
2026-04-28T14:28:20.129444+00:00,151.19,151.33,150.63,150.92,1684
2026-04-28T14:29:20.129444+00:00,151.12,151.37,150.8,150.84,2734
2026-04-28T14:30:20.129444+00:00,150.51,150.97,150.45,150.76,4369
2026-04-28T14:31:20.129444+00:00,151.0,151.25,150.84,150.92,4730
2026-04-28T14:32:20.129444+00:00,151.16,151.41,151.0,151.03,3278
2026-04-28T14:33:20.129444+00:00,151.24,151.4,151.16,151.3,2876
2026-04-28T14:34:20.129444+00:00,151.65,151.65,151.18,151.39,3406
2026-04-28T14:35:20.129444+00:00,151.35,151.48,151.21,151.34,1607
2026-04-28T14:36:20.129444+00:00,151.47,151.64,151.14,151.43,1410
2026-04-28T14:37:20.129444+00:00,151.85,152.02,151.57,151.6,2171
2026-04-28T14:38:20.129444+00:00,151.94,152.21,151.45,151.72,2081
2026-04-28T14:39:20.129444+00:00,151.73,151.94,151.54,151.8,1153
2026-04-28T14:40:20.129444+00:00,151.76,152.08,151.57,151.96,3788
2026-04-28T14:41:20.129444+00:00,152.25,152.27,151.87,152.14,2357
2026-04-28T14:42:20.129444+00:00,152.46,152.48,152.2,152.35,2100
2026-04-28T14:43:20.129444+00:00,152.69,152.69,152.2,152.45,2241
2026-04-28T14:44:20.129444+00:00,152.31,152.68,152.04,152.42,3805
2026-04-28T14:45:20.129444+00:00,152.2,152.71,152.16,152.44,4990
2026-04-28T14:46:20.129444+00:00,152.78,153.01,152.53,152.63,3985
2026-04-28T14:47:20.129444+00:00,152.45,152.7,152.39,152.5,1865
2026-04-28T14:48:20.129444+00:00,152.81,152.94,152.41,152.56,3115
2026-04-28T14:49:20.129444+00:00,152.72,152.97,152.34,152.5,1651
2026-04-28T14:50:20.129444+00:00,152.24,152.72,152.12,152.5,4196
2026-04-28T14:51:20.129444+00:00,152.91,153.18,152.69,152.7,1789
2026-04-28T14:52:20.129444+00:00,152.96,153.02,152.71,152.73,1135
2026-04-28T14:53:20.129444+00:00,152.71,153.02,152.49,152.73,2122
2026-04-28T14:54:20.129444+00:00,152.45,152.67,152.33,152.53,4780
2026-04-28T14:55:20.129444+00:00,152.41,152.65,152.3,152.64,3433
2026-04-28T14:56:20.129444+00:00,152.71,153.03,152.56,152.74,3258
2026-04-28T14:57:20.129444+00:00,152.98,153.12,152.7,153.07,4067
2026-04-28T14:58:20.129444+00:00,153.23,153.25,153.01,153.02,1203
2026-04-28T14:59:20.129444+00:00,152.85,153.23,152.55,153.06,4510
2026-04-28T15:00:20.129444+00:00,152.92,153.16,152.86,153.09,3668
2026-04-28T15:01:20.129444+00:00,153.28,153.34,153.04,153.34,4143
2026-04-28T15:02:20.129444+00:00,153.43,153.58,153.28,153.32,1709
2026-04-28T15:03:20.129444+00:00,153.43,153.43,153.29,153.36,4297
2026-04-28T15:04:20.129444+00:00,153.73,153.95,153.24,153.46,2127
2026-04-28T15:05:20.129444+00:00,153.44,153.6,153.33,153.49,2032
2026-04-28T15:06:20.129444+00:00,153.25,153.51,153.09,153.42,3554
2026-04-28T15:07:20.129444+00:00,153.38,153.48,153.23,153.45,3713
2026-04-28T15:08:20.129444+00:00,153.9,154.16,153.44,153.61,3432
2026-04-28T15:09:20.129444+00:00,153.52,153.61,153.42,153.46,1261
2026-04-28T15:10:20.129444+00:00,153.38,153.56,153.28,153.48,2134
2026-04-28T15:11:20.129444+00:00,153.22,153.59,152.95,153.37,2223
2026-04-28T15:12:20.129444+00:00,153.36,153.71,153.29,153.55,1232
2026-04-28T15:13:20.129444+00:00,153.51,153.75,153.13,153.32,3705
2026-04-28T15:14:20.129444+00:00,153.12,153.28,153.11,153.23,3037
2026-04-28T15:15:20.129444+00:00,153.6,153.67,153.16,153.29,2590
2026-04-28T15:16:20.129444+00:00,153.68,153.85,153.22,153.53,4342
2026-04-28T15:17:20.129444+00:00,153.33,153.74,153.26,153.52,3189
2026-04-28T15:18:20.129444+00:00,153.52,153.67,153.15,153.43,2468
2026-04-28T15:19:20.129444+00:00,153.73,153.99,153.47,153.72,4590
2026-04-28T15:20:20.129444+00:00,153.54,153.63,153.36,153.5,4034
2026-04-28T15:21:20.129444+00:00,153.02,153.41,152.78,153.16,1749
2026-04-28T15:22:20.129444+00:00,153.51,153.78,153.03,153.23,1910
2026-04-28T15:23:20.129444+00:00,153.07,153.38,152.97,153.15,4228
2026-04-28T15:24:20.129444+00:00,153.24,153.35,152.82,153.0,2899
2026-04-28T15:25:20.129444+00:00,153.32,153.47,152.84,153.11,3390
2026-04-28T15:26:20.129444+00:00,153.19,153.38,153.0,153.14,1796
2026-04-28T15:27:20.129444+00:00,153.06,153.32,152.94,153.06,2222
2026-04-28T15:28:20.129444+00:00,152.81,153.13,152.76,152.86,1820
2026-04-28T15:29:20.129444+00:00,152.9,153.3,152.63,153.0,2874
2026-04-28T15:30:20.129444+00:00,152.88,153.36,152.82,153.09,1331
2026-04-28T15:31:20.129444+00:00,153.07,153.27,153.02,153.08,3598
2026-04-28T15:32:20.129444+00:00,153.09,153.5,153.03,153.36,4168
2026-04-28T15:33:20.129444+00:00,153.0,153.43,152.85,153.2,4127
2026-04-28T15:34:20.129444+00:00,153.14,153.18,152.83,152.97,2758
2026-04-28T15:35:20.129444+00:00,152.8,153.15,152.68,152.86,1154
2026-04-28T15:36:20.129444+00:00,152.87,153.1,152.56,152.85,4653
2026-04-28T15:37:20.129444+00:00,152.78,153.14,152.72,152.89,3771
2026-04-28T15:38:20.129444+00:00,152.55,153.08,152.48,152.85,4592
2026-04-28T15:39:20.129444+00:00,152.81,152.95,152.69,152.91,3411
2026-04-28T15:40:20.129444+00:00,152.6,152.74,152.58,152.72,4884
2026-04-28T15:41:20.129444+00:00,152.81,153.16,152.63,152.94,2383
2026-04-28T15:42:20.129444+00:00,152.88,153.13,152.84,152.92,4692
2026-04-28T15:43:20.129444+00:00,153.09,153.32,153.04,153.09,4714
2026-04-28T15:44:20.129444+00:00,153.4,153.53,153.08,153.15,3978
2026-04-28T15:45:20.129444+00:00,153.51,153.58,153.21,153.22,3066
2026-04-28T15:46:20.129444+00:00,153.1,153.42,152.9,153.3,1153
2026-04-28T15:47:20.129444+00:00,153.3,153.57,153.06,153.37,3552
2026-04-28T15:48:20.129444+00:00,153.19,153.78,152.99,153.47,3677
2026-04-28T15:49:20.129444+00:00,153.88,153.9,153.64,153.68,2819
2026-04-28T15:50:20.129444+00:00,153.63,153.87,153.49,153.71,1627
2026-04-28T15:51:20.129444+00:00,153.63,154.03,153.63,153.81,2723
2026-04-28T15:52:20.129444+00:00,153.9,154.1,153.72,153.8,3480
2026-04-28T15:53:20.129444+00:00,154.15,154.28,153.75,154.02,3095
2026-04-28T15:54:20.129444+00:00,154.05,154.09,153.88,153.92,1435
2026-04-28T15:55:20.129444+00:00,154.19,154.38,153.95,154.2,4405
2026-04-28T15:56:20.129444+00:00,154.2,154.27,153.97,154.19,2209
2026-04-28T15:57:20.129444+00:00,153.76,154.14,153.48,153.97,3818
2026-04-28T15:58:20.129444+00:00,154.26,154.36,153.99,153.99,3751
2026-04-28T15:59:20.129444+00:00,153.63,153.92,153.45,153.88,3023
2026-04-28T16:00:20.129444+00:00,153.8,154.04,153.64,154.01,3963
2026-04-28T16:01:20.129444+00:00,154.05,154.33,153.71,153.91,2870
2026-04-28T16:02:20.129444+00:00,154.14,154.24,153.7,153.84,1408
2026-04-28T16:03:20.129444+00:00,153.75,154.01,153.29,153.55,2475
2026-04-28T16:04:20.129444+00:00,153.67,153.77,153.26,153.48,1389
2026-04-28T16:05:20.129444+00:00,153.33,153.6,153.11,153.11,1566
2026-04-28T16:06:20.129444+00:00,152.97,153.02,152.76,152.87,2792
2026-04-28T16:07:20.129444+00:00,153.27,153.35,152.76,152.99,2526
2026-04-28T16:08:20.129444+00:00,153.3,153.36,152.98,153.11,4941
2026-04-28T16:09:20.129444+00:00,153.15,153.43,152.93,153.17,2958
2026-04-28T16:10:20.129444+00:00,153.21,153.41,152.78,153.02,1463
2026-04-28T16:11:20.129444+00:00,152.79,153.24,152.49,153.02,4458
2026-04-28T16:12:20.129444+00:00,152.81,153.14,152.63,153.02,4286
2026-04-28T16:13:20.129444+00:00,152.88,153.02,152.65,152.84,4191
2026-04-28T16:14:20.129444+00:00,152.98,153.08,152.77,153.07,4434
2026-04-28T16:15:20.129444+00:00,153.34,153.62,153.06,153.2,2999
2026-04-28T16:16:20.129444+00:00,152.93,153.3,152.92,153.17,2071
2026-04-28T16:17:20.129444+00:00,153.27,153.27,152.91,153.17,3149
2026-04-28T16:18:20.129444+00:00,153.37,153.55,153.03,153.21,4914
2026-04-28T16:19:20.129444+00:00,153.0,153.1,152.73,152.89,3869
2026-04-28T16:20:20.129444+00:00,152.93,153.06,152.63,152.86,2973
2026-04-28T16:21:20.129444+00:00,152.66,152.96,152.54,152.75,4436
2026-04-28T16:22:20.129444+00:00,152.8,153.07,152.41,152.6,1047
2026-04-28T16:23:20.129444+00:00,152.64,152.69,152.3,152.56,4489
2026-04-28T16:24:20.129444+00:00,152.83,152.88,152.6,152.83,2313
2026-04-28T16:25:20.129444+00:00,152.77,153.22,152.75,152.93,1912
2026-04-28T16:26:20.129444+00:00,152.87,152.99,152.59,152.84,1322
2026-04-28T16:27:20.129444+00:00,152.9,153.17,152.77,152.93,4508
2026-04-28T16:28:20.129444+00:00,153.14,153.24,152.84,153.14,4052
2026-04-28T16:29:20.129444+00:00,153.38,153.41,153.16,153.28,3282
2026-04-28T16:30:20.129444+00:00,153.32,153.58,153.05,153.29,4945
2026-04-28T16:31:20.129444+00:00,153.27,153.36,153.04,153.19,1847
2026-04-28T16:32:20.129444+00:00,153.4,153.54,153.2,153.3,4380
2026-04-28T16:33:20.129444+00:00,153.09,153.43,152.95,153.36,3294
2026-04-28T16:34:20.129444+00:00,153.66,153.85,153.28,153.5,2488
2026-04-28T16:35:20.129444+00:00,153.73,153.76,153.36,153.6,1908
2026-04-28T16:36:20.129444+00:00,153.45,153.87,153.26,153.76,4276
2026-04-28T16:37:20.129444+00:00,153.55,153.84,153.33,153.68,1187
2026-04-28T16:38:20.129444+00:00,154.12,154.27,153.62,153.88,4041
2026-04-28T16:39:20.129444+00:00,154.04,154.08,153.72,153.91,1768
2026-04-28T16:40:20.129444+00:00,153.99,154.49,153.93,154.23,4377
2026-04-28T16:41:20.129444+00:00,154.3,154.52,154.09,154.12,2697
2026-04-28T16:42:20.129444+00:00,154.11,154.58,153.9,154.39,1504
2026-04-28T16:43:20.129444+00:00,154.59,154.73,154.22,154.42,4916
2026-04-28T16:44:20.129444+00:00,154.32,154.62,154.32,154.32,4015
2026-04-28T16:45:20.129444+00:00,153.97,154.53,153.71,154.24,2978
2026-04-28T16:46:20.129444+00:00,154.46,154.7,153.91,154.2,3833
2026-04-28T16:47:20.129444+00:00,154.31,154.53,154.22,154.26,2586
2026-04-28T16:48:20.129444+00:00,154.44,154.63,154.24,154.34,4610
2026-04-28T16:49:20.129444+00:00,154.18,154.56,153.9,154.25,4122
2026-04-28T16:50:20.129444+00:00,154.09,154.37,153.99,154.25,2204
2026-04-28T16:51:20.129444+00:00,154.55,154.62,154.42,154.58,3867
2026-04-28T16:52:20.129444+00:00,155.09,155.25,154.59,154.85,3243
2026-04-28T16:53:20.129444+00:00,155.14,155.36,154.62,154.91,3591
2026-04-28T16:54:20.129444+00:00,154.75,154.99,154.52,154.92,3812
2026-04-28T16:55:20.129444+00:00,154.84,155.15,154.54,154.94,3662
2026-04-28T16:56:20.129444+00:00,155.33,155.38,154.87,155.03,3608
2026-04-28T16:57:20.129444+00:00,154.77,154.91,154.66,154.88,2967
2026-04-28T16:58:20.129444+00:00,154.89,155.18,154.62,154.84,3761
2026-04-28T16:59:20.129444+00:00,154.73,154.99,154.49,154.58,4470
2026-04-28T17:00:20.129444+00:00,154.59,154.64,154.56,154.64,2560
2026-04-28T17:01:20.129444+00:00,154.52,154.95,154.46,154.74,4072
2026-04-28T17:02:20.129444+00:00,154.84,155.15,154.45,154.66,1599
2026-04-28T17:03:20.129444+00:00,155.12,155.33,154.82,154.91,4086
2026-04-28T17:04:20.129444+00:00,154.74,154.86,154.58,154.72,3523
2026-04-28T17:05:20.129444+00:00,154.72,154.95,154.23,154.49,4040
2026-04-28T17:06:20.129444+00:00,154.62,154.74,154.37,154.53,4263
2026-04-28T17:07:20.129444+00:00,154.87,154.96,154.48,154.69,4794
2026-04-28T17:08:20.129444+00:00,154.88,155.08,154.63,154.95,3806
2026-04-28T17:09:20.129444+00:00,154.76,155.05,154.76,154.88,2029
2026-04-28T17:10:20.129444+00:00,154.86,155.32,154.59,155.05,2814
2026-04-28T17:11:20.129444+00:00,155.24,155.53,154.82,155.04,3652
2026-04-28T17:12:20.129444+00:00,154.93,155.2,154.7,155.01,1804
2026-04-28T17:13:20.129444+00:00,155.32,155.62,155.06,155.15,1726
2026-04-28T17:14:20.129444+00:00,155.55,155.57,154.95,155.25,4010
2026-04-28T17:15:20.129444+00:00,155.02,155.13,154.87,155.01,3279
2026-04-28T17:16:20.129444+00:00,155.09,155.29,154.83,155.24,1023
2026-04-28T17:17:20.129444+00:00,155.34,155.67,155.3,155.45,1629
2026-04-28T17:18:20.129444+00:00,155.62,155.8,155.11,155.35,3561
2026-04-28T17:19:20.129444+00:00,155.49,155.69,155.26,155.41,3345
2026-04-28T17:20:20.129444+00:00,155.52,155.55,155.27,155.49,3152
2026-04-28T17:21:20.129444+00:00,155.36,155.59,155.34,155.53,3069
2026-04-28T17:22:20.129444+00:00,155.23,155.62,155.11,155.45,2431
2026-04-28T17:23:20.129444+00:00,155.17,155.41,155.07,155.34,2477
2026-04-28T17:24:20.129444+00:00,155.21,155.63,155.02,155.34,2945
2026-04-28T17:25:20.129444+00:00,155.83,156.09,155.21,155.52,1036
2026-04-28T17:26:20.129444+00:00,155.36,155.71,155.29,155.6,3630
2026-04-28T17:27:20.129444+00:00,155.62,155.81,155.25,155.55,3795
2026-04-28T17:28:20.129444+00:00,155.91,156.03,155.42,155.67,1464
2026-04-28T17:29:20.129444+00:00,155.15,155.39,155.07,155.22,4732
2026-04-28T17:30:20.129444+00:00,155.41,155.65,155.24,155.4,3083
2026-04-28T17:31:20.129444+00:00,155.1,155.15,154.82,155.13,1788
2026-04-28T17:32:20.129444+00:00,154.96,155.1,154.94,155.08,4979
2026-04-28T17:33:20.129444+00:00,155.19,155.35,154.9,154.9,1268
2026-04-28T17:34:20.129444+00:00,154.52,154.9,154.46,154.7,3807
2026-04-28T17:35:20.129444+00:00,154.84,154.91,154.67,154.88,3878
2026-04-28T17:36:20.129444+00:00,155.04,155.27,154.67,154.81,4345
2026-04-28T17:37:20.129444+00:00,155.14,155.37,154.82,154.86,2880
2026-04-28T17:38:20.129444+00:00,154.99,155.0,154.83,154.86,1729
2026-04-28T17:39:20.129444+00:00,155.11,155.29,154.75,154.93,1932
2026-04-28T17:40:20.129444+00:00,155.2,155.32,154.8,154.94,2656
2026-04-28T17:41:20.129444+00:00,154.7,154.75,154.49,154.74,3190
2026-04-28T17:42:20.129444+00:00,154.59,155.12,154.57,154.9,4055
2026-04-28T17:43:20.129444+00:00,154.87,155.09,154.8,154.82,4801
2026-04-28T17:44:20.129444+00:00,154.58,154.67,154.37,154.58,3484
2026-04-28T17:45:20.129444+00:00,154.26,154.75,154.12,154.51,2618
2026-04-28T17:46:20.129444+00:00,154.95,154.96,154.7,154.75,1900
2026-04-28T17:47:20.129444+00:00,154.65,155.0,154.41,154.88,3235
2026-04-28T17:48:20.129444+00:00,154.7,155.02,154.6,154.82,4633
2026-04-28T17:49:20.129444+00:00,155.03,155.27,154.54,154.77,2528
2026-04-28T17:50:20.129444+00:00,155.0,155.01,154.45,154.72,1579
2026-04-28T17:51:20.129444+00:00,154.81,155.04,154.62,155.04,3200
2026-04-28T17:52:20.129444+00:00,155.13,155.16,155.04,155.1,4036
2026-04-28T17:53:20.129444+00:00,155.42,155.52,155.04,155.17,3645
2026-04-28T17:54:20.129444+00:00,155.55,155.59,155.27,155.33,3526
2026-04-28T17:55:20.129444+00:00,155.57,155.63,155.31,155.36,4275
2026-04-28T17:56:20.129444+00:00,155.37,155.38,155.09,155.32,3248
2026-04-28T17:57:20.129444+00:00,155.27,155.46,155.18,155.29,1275
2026-04-28T17:58:20.129444+00:00,155.13,155.34,154.95,155.28,4897
2026-04-28T17:59:20.129444+00:00,155.17,155.32,154.97,155.28,1409
2026-04-28T18:00:20.129444+00:00,155.26,155.41,155.2,155.39,2990
2026-04-28T18:01:20.129444+00:00,155.37,155.59,155.27,155.4,3392
2026-04-28T18:02:20.129444+00:00,155.3,155.69,155.04,155.51,4926
2026-04-28T18:03:20.129444+00:00,155.45,155.5,155.38,155.5,1907
2026-04-28T18:04:20.129444+00:00,155.64,155.84,155.43,155.51,2472
2026-04-28T18:05:20.129444+00:00,154.97,155.43,154.7,155.2,2895
2026-04-28T18:06:20.129444+00:00,155.31,155.58,155.16,155.34,1445
2026-04-28T18:07:20.129444+00:00,155.2,155.59,154.93,155.4,4517
2026-04-28T18:08:20.129444+00:00,155.76,156.03,155.49,155.55,4004
2026-04-28T18:09:20.129444+00:00,155.34,155.37,155.08,155.1,1076
2026-04-28T18:10:20.129444+00:00,155.64,155.84,155.17,155.43,3371
2026-04-28T18:11:20.129444+00:00,155.35,155.59,155.06,155.41,3259
2026-04-28T18:12:20.129444+00:00,155.43,155.86,155.26,155.58,3678
2026-04-28T18:13:20.129444+00:00,155.59,155.7,155.35,155.42,4162
2026-04-28T18:14:20.129444+00:00,155.57,155.83,155.47,155.51,3052
2026-04-28T18:15:20.129444+00:00,155.35,155.48,155.19,155.35,3714
2026-04-28T18:16:20.129444+00:00,155.09,155.55,154.78,155.25,3802
2026-04-28T18:17:20.129444+00:00,155.34,155.71,155.2,155.55,1733
2026-04-28T18:18:20.129444+00:00,155.56,155.74,155.25,155.52,1598
2026-04-28T18:19:20.129444+00:00,155.7,155.85,155.44,155.55,1896
2026-04-28T18:20:20.129444+00:00,155.85,155.92,155.61,155.69,1958
2026-04-28T18:21:20.129444+00:00,155.48,155.83,155.2,155.76,2479
2026-04-28T18:22:20.129444+00:00,155.72,156.07,155.44,155.79,1163
2026-04-28T18:23:20.129444+00:00,156.14,156.25,155.63,155.84,3135
2026-04-28T18:24:20.129444+00:00,156.3,156.39,155.99,156.22,3370
2026-04-28T18:25:20.129444+00:00,156.24,156.29,156.01,156.21,2496
2026-04-28T18:26:20.129444+00:00,156.3,156.58,156.22,156.24,2030
2026-04-28T18:27:20.129444+00:00,156.33,156.69,156.17,156.41,2445
2026-04-28T18:28:20.129444+00:00,156.78,156.89,156.33,156.58,4633
2026-04-28T18:29:20.129444+00:00,156.83,156.99,156.72,156.77,1678
2026-04-28T18:30:20.129444+00:00,156.7,157.03,156.61,156.87,1615
2026-04-28T18:31:20.129444+00:00,156.49,156.8,156.27,156.69,1484
2026-04-28T18:32:20.129444+00:00,157.04,157.17,156.84,156.94,1464
2026-04-28T18:33:20.129444+00:00,156.75,156.91,156.69,156.76,1660
2026-04-28T18:34:20.129444+00:00,156.9,157.03,156.73,156.81,1523
2026-04-28T18:35:20.129444+00:00,156.74,156.79,156.49,156.69,1160
2026-04-28T18:36:20.129444+00:00,156.93,156.97,156.63,156.68,4778
2026-04-28T18:37:20.129444+00:00,156.53,157.03,156.35,156.73,3308
2026-04-28T18:38:20.129444+00:00,156.87,157.15,156.56,156.78,4364
2026-04-28T18:39:20.129444+00:00,156.71,156.88,156.57,156.85,2930
2026-04-28T18:40:20.129444+00:00,157.33,157.39,156.84,157.1,3461
2026-04-28T18:41:20.129444+00:00,156.95,157.36,156.71,157.17,3552
2026-04-28T18:42:20.129444+00:00,157.24,157.32,156.91,157.14,2403
2026-04-28T18:43:20.129444+00:00,157.55,157.74,157.27,157.29,2549
2026-04-28T18:44:20.129444+00:00,157.4,157.51,157.34,157.48,4520
2026-04-28T18:45:20.129444+00:00,157.54,157.75,157.02,157.28,3480
2026-04-28T18:46:20.129444+00:00,157.12,157.53,156.93,157.38,1159
2026-04-28T18:47:20.129444+00:00,157.72,157.89,157.25,157.49,1381
2026-04-28T18:48:20.129444+00:00,157.43,157.48,157.24,157.44,4389
2026-04-28T18:49:20.129444+00:00,157.34,157.95,157.13,157.66,2767
2026-04-28T18:50:20.129444+00:00,157.65,157.76,157.62,157.63,3170
2026-04-28T18:51:20.129444+00:00,157.61,157.95,157.46,157.65,4148
2026-04-28T18:52:20.129444+00:00,157.55,157.81,157.32,157.62,4119
2026-04-28T18:53:20.129444+00:00,157.84,158.02,157.49,157.63,2042
2026-04-28T18:54:20.129444+00:00,157.44,157.53,157.17,157.45,2160
2026-04-28T18:55:20.129444+00:00,157.29,157.46,157.15,157.23,1022
2026-04-28T18:56:20.129444+00:00,157.61,157.86,157.3,157.48,1482
2026-04-28T18:57:20.129444+00:00,157.36,157.48,157.28,157.35,4294
2026-04-28T18:58:20.129444+00:00,157.07,157.3,157.03,157.19,3668
2026-04-28T18:59:20.129444+00:00,156.91,156.99,156.68,156.85,3312
2026-04-28T19:00:20.129444+00:00,156.67,156.84,156.45,156.75,4092
2026-04-28T19:01:20.129444+00:00,156.36,156.72,156.18,156.54,1732
2026-04-28T19:02:20.129444+00:00,156.72,156.98,156.64,156.8,2256
2026-04-28T19:03:20.129444+00:00,157.01,157.25,156.83,156.96,1565
2026-04-28T19:04:20.129444+00:00,157.07,157.28,156.62,156.85,2829
2026-04-28T19:05:20.129444+00:00,157.38,157.68,157.17,157.21,3082
2026-04-28T19:06:20.129444+00:00,157.3,157.47,157.12,157.36,3855
2026-04-28T19:07:20.129444+00:00,157.43,157.44,157.19,157.31,3604
2026-04-28T19:08:20.129444+00:00,156.61,156.94,156.56,156.92,4792
2026-04-28T19:09:20.129444+00:00,157.34,157.37,157.19,157.28,2518
2026-04-28T19:10:20.129444+00:00,156.79,157.07,156.67,157.06,2641
2026-04-28T19:11:20.129444+00:00,156.87,157.03,156.58,156.8,3447
2026-04-28T19:12:20.129444+00:00,156.68,157.2,156.63,156.96,3024
2026-04-28T19:13:20.129444+00:00,157.3,157.41,157.1,157.34,4292
2026-04-28T19:14:20.129444+00:00,157.57,157.63,157.31,157.56,3091
2026-04-28T19:15:20.129444+00:00,157.66,157.73,157.6,157.65,1147
2026-04-28T19:16:20.129444+00:00,157.66,157.95,157.35,157.74,1355
2026-04-28T19:17:20.129444+00:00,158.19,158.44,157.77,157.88,2618
2026-04-28T19:18:20.129444+00:00,157.94,158.06,157.93,158.0,3882
2026-04-28T19:19:20.129444+00:00,157.77,158.07,157.68,158.04,4398
2026-04-28T19:20:20.129444+00:00,158.1,158.28,157.95,158.06,4340
2026-04-28T19:21:20.129444+00:00,157.91,158.24,157.85,158.05,4808
2026-04-28T19:22:20.129444+00:00,157.87,157.93,157.81,157.93,3073
2026-04-28T19:23:20.129444+00:00,157.64,157.91,157.54,157.89,4878
2026-04-28T19:24:20.129444+00:00,157.38,157.78,157.3,157.62,3203
2026-04-28T19:25:20.129444+00:00,157.8,157.98,157.38,157.6,4956
2026-04-28T19:26:20.129444+00:00,157.37,157.6,157.29,157.45,2391
2026-04-28T19:27:20.129444+00:00,157.56,157.71,157.13,157.27,3403
2026-04-28T19:28:20.129444+00:00,157.53,157.68,157.22,157.3,2567
2026-04-28T19:29:20.129444+00:00,157.61,157.92,157.31,157.52,1941
2026-04-28T19:30:20.129444+00:00,157.86,157.99,157.55,157.67,3194
2026-04-28T19:31:20.129444+00:00,157.11,157.68,157.03,157.42,1380
2026-04-28T19:32:20.129444+00:00,157.2,157.5,157.09,157.26,3271
2026-04-28T19:33:20.129444+00:00,157.68,157.83,157.3,157.41,4663
2026-04-28T19:34:20.129444+00:00,157.3,157.36,157.02,157.26,4810
2026-04-28T19:35:20.129444+00:00,157.48,157.64,157.16,157.22,4012
2026-04-28T19:36:20.129444+00:00,157.15,157.39,157.07,157.31,4419
2026-04-28T19:37:20.129444+00:00,157.0,157.35,156.95,157.16,1436
2026-04-28T19:38:20.129444+00:00,156.93,157.2,156.63,157.17,3017
2026-04-28T19:39:20.129444+00:00,157.03,157.27,156.79,156.96,1173
2026-04-28T19:40:20.129444+00:00,157.09,157.2,156.77,156.87,4678
2026-04-28T19:41:20.129444+00:00,157.22,157.5,156.65,156.92,3010
2026-04-28T19:42:20.129444+00:00,156.47,156.91,156.31,156.67,2629
2026-04-28T19:43:20.129444+00:00,156.56,156.92,156.55,156.74,4273
2026-04-28T19:44:20.129444+00:00,156.69,157.03,156.68,156.73,2422
2026-04-28T19:45:20.129444+00:00,156.75,157.04,156.7,156.82,4999
2026-04-28T19:46:20.129444+00:00,156.62,157.02,156.52,156.86,1034
2026-04-28T19:47:20.129444+00:00,156.76,157.14,156.58,157.07,2332
2026-04-28T19:48:20.129444+00:00,153.63,153.98,153.57,153.71,2076
2026-04-28T19:49:20.129444+00:00,156.14,156.45,155.94,156.3,2498
2026-04-28T19:50:20.129444+00:00,152.89,153.21,152.76,153.08,4080
2026-04-28T19:51:20.129444+00:00,155.51,155.85,155.42,155.59,1736
2026-04-28T19:52:20.129444+00:00,147.71,148.0,147.46,147.67,4334
2026-04-28T19:53:20.129444+00:00,157.95,158.29,157.88,158.21,2770
2026-04-28T19:54:20.129444+00:00,157.26,157.32,156.79,157.04,4025
2026-04-28T19:55:20.129444+00:00,152.63,153.09,152.57,152.84,3046
2026-04-28T19:56:20.129444+00:00,159.77,160.29,159.57,160.0,3187
2026-04-28T19:57:20.129444+00:00,161.81,162.07,161.57,161.67,3302
2026-04-28T19:58:20.129444+00:00,148.96,148.98,148.72,148.75,1669
2026-04-28T19:59:20.129444+00:00,152.59,153.11,152.45,152.86,3579
2026-04-28T20:00:20.129444+00:00,152.47,152.95,152.39,152.72,2475
2026-04-28T20:01:20.129444+00:00,152.04,152.33,151.93,152.01,1081
2026-04-28T20:02:20.129444+00:00,160.75,160.92,160.53,160.81,3480
2026-04-28T20:03:20.129444+00:00,155.7,156.07,155.5,155.89,1714
2026-04-28T20:04:20.129444+00:00,155.72,155.81,155.33,155.43,3090
2026-04-28T20:05:20.129444+00:00,146.77,146.99,146.5,146.77,2560
2026-04-28T20:06:20.129444+00:00,159.91,160.06,159.53,159.84,4556
2026-04-28T20:07:20.129444+00:00,150.6,151.05,150.5,150.8,3585
2026-04-28T20:08:20.129444+00:00,157.18,157.31,156.83,157.11,1324
2026-04-28T20:09:20.129444+00:00,158.03,158.32,157.93,158.25,2193
2026-04-28T20:10:20.129444+00:00,163.9,164.1,163.63,163.76,4635
2026-04-28T20:11:20.129444+00:00,150.45,150.74,150.34,150.48,3404
2026-04-28T20:12:20.129444+00:00,141.91,142.04,141.85,141.9,4498
2026-04-28T20:13:20.129444+00:00,157.59,158.12,157.38,157.89,4852
2026-04-28T20:14:20.129444+00:00,166.15,166.4,165.91,165.98,2626
2026-04-28T20:15:20.129444+00:00,162.89,163.17,162.61,163.15,3246
2026-04-28T20:16:20.129444+00:00,157.88,158.4,157.71,158.16,1340
2026-04-28T20:17:20.129444+00:00,154.75,155.19,154.73,155.0,4815
2026-04-28T20:18:20.129444+00:00,161.66,161.75,161.33,161.41,2163
2026-04-28T20:19:20.129444+00:00,152.25,152.33,152.09,152.29,1698
2026-04-28T20:20:20.129444+00:00,159.22,159.73,158.95,159.52,2332
2026-04-28T20:21:20.129444+00:00,160.31,160.46,159.8,160.07,4829
2026-04-28T20:22:20.129444+00:00,162.57,162.87,162.26,162.72,3857
2026-04-28T20:23:20.129444+00:00,171.5,171.71,171.32,171.48,4067
2026-04-28T20:24:20.129444+00:00,159.99,160.17,159.74,159.91,3619
2026-04-28T20:25:20.129444+00:00,155.33,155.61,155.16,155.31,1930
2026-04-28T20:26:20.129444+00:00,158.01,158.15,157.7,157.82,2064
2026-04-28T20:27:20.129444+00:00,149.15,149.36,149.0,149.36,4105
2026-04-28T20:28:20.129444+00:00,154.89,154.99,154.52,154.67,1034
2026-04-28T20:29:20.129444+00:00,156.18,156.34,155.83,156.06,2227
2026-04-28T20:30:20.129444+00:00,155.09,155.53,155.0,155.4,1947
2026-04-28T20:31:20.129444+00:00,158.81,158.98,158.56,158.62,4613
2026-04-28T20:32:20.129444+00:00,153.68,153.8,153.59,153.64,4019
2026-04-28T20:33:20.129444+00:00,163.26,163.53,163.1,163.17,1324
2026-04-28T20:34:20.129444+00:00,157.52,157.65,157.28,157.57,4727
2026-04-28T20:35:20.129444+00:00,157.47,157.69,157.32,157.4,3656
2026-04-28T20:36:20.129444+00:00,156.0,156.25,155.72,155.85,4495
2026-04-28T20:37:20.129444+00:00,157.74,158.06,157.71,158.02,2865
2026-04-28T20:38:20.129444+00:00,157.37,157.45,157.1,157.29,1769
2026-04-28T20:39:20.129444+00:00,157.31,157.47,157.0,157.42,1090
2026-04-28T20:40:20.129444+00:00,156.91,157.14,156.83,157.11,3929
2026-04-28T20:41:20.129444+00:00,157.13,157.17,157.1,157.17,1060
2026-04-28T20:42:20.129444+00:00,157.36,157.47,157.26,157.36,4274
2026-04-28T20:43:20.129444+00:00,157.17,157.29,156.95,157.17,1129
2026-04-28T20:44:20.129444+00:00,157.33,157.7,157.03,157.43,1229
2026-04-28T20:45:20.129444+00:00,157.35,157.62,157.18,157.5,1743
2026-04-28T20:46:20.129444+00:00,157.2,157.65,156.94,157.39,4392
2026-04-28T20:47:20.129444+00:00,157.07,157.69,156.85,157.38,2576
2026-04-28T20:48:20.129444+00:00,157.64,157.78,157.24,157.47,1137
2026-04-28T20:49:20.129444+00:00,157.29,157.71,157.26,157.48,3727
2026-04-28T20:50:20.129444+00:00,157.87,158.02,157.35,157.56,2278
2026-04-28T20:51:20.129444+00:00,157.69,157.74,157.19,157.42,4050
2026-04-28T20:52:20.129444+00:00,157.72,157.89,157.37,157.45,3615
2026-04-28T20:53:20.129444+00:00,157.1,157.34,157.08,157.22,3730
2026-04-28T20:54:20.129444+00:00,157.03,157.24,156.83,157.21,2329
2026-04-28T20:55:20.129444+00:00,156.76,157.31,156.58,157.06,2621
2026-04-28T20:56:20.129444+00:00,157.13,157.13,156.94,156.95,4209
2026-04-28T20:57:20.129444+00:00,157.26,157.48,157.09,157.14,4157
2026-04-28T20:58:20.129444+00:00,157.06,157.36,157.03,157.31,3533
2026-04-28T20:59:20.129444+00:00,157.31,157.72,157.07,157.41,1245
2026-04-28T21:00:20.129444+00:00,156.96,157.44,156.74,157.24,4241
2026-04-28T21:01:20.129444+00:00,156.94,157.34,156.84,157.19,3287
2026-04-28T21:02:20.129444+00:00,157.56,157.8,157.13,157.38,2796
2026-04-28T21:03:20.129444+00:00,157.55,157.56,157.28,157.4,3967
2026-04-28T21:04:20.129444+00:00,157.54,158.05,157.38,157.77,2792
2026-04-28T21:05:20.129444+00:00,157.87,158.04,157.68,157.83,3321
2026-04-28T21:06:20.129444+00:00,157.66,157.97,157.43,157.86,2127
2026-04-28T21:07:20.129444+00:00,158.04,158.23,157.54,157.81,1656
2026-04-28T21:08:20.129444+00:00,157.56,157.88,157.47,157.83,2078
2026-04-28T21:09:20.129444+00:00,157.83,157.98,157.56,157.81,3072
2026-04-28T21:10:20.129444+00:00,157.84,157.98,157.84,157.92,4509
2026-04-28T21:11:20.129444+00:00,157.99,158.27,157.88,158.07,1259
2026-04-28T21:12:20.129444+00:00,158.05,158.22,157.82,157.95,3146
2026-04-28T21:13:20.129444+00:00,157.85,158.09,157.69,157.74,2159
2026-04-28T21:14:20.129444+00:00,157.34,157.65,157.3,157.45,3143
2026-04-28T21:15:20.129444+00:00,157.63,157.64,157.23,157.53,1731
2026-04-28T21:16:20.129444+00:00,157.59,157.65,157.2,157.35,1404
2026-04-28T21:17:20.129444+00:00,156.72,157.22,156.6,157.02,3006
2026-04-28T21:18:20.129444+00:00,157.09,157.31,157.0,157.08,2500
2026-04-28T21:19:20.129444+00:00,157.29,157.69,157.29,157.47,4772
2026-04-28T21:20:20.129444+00:00,157.28,157.62,157.0,157.47,1327
2026-04-28T21:21:20.129444+00:00,157.58,157.8,157.47,157.6,4045
2026-04-28T21:22:20.129444+00:00,157.89,158.02,157.5,157.61,3901
2026-04-28T21:23:20.129444+00:00,157.32,157.79,157.15,157.6,4007
2026-04-28T21:24:20.129444+00:00,157.47,157.84,157.17,157.74,4934
2026-04-28T21:25:20.129444+00:00,157.71,157.74,157.62,157.7,2578
2026-04-28T21:26:20.129444+00:00,157.54,157.9,157.46,157.74,3561
2026-04-28T21:27:20.129444+00:00,158.07,158.25,157.61,157.79,4056
2026-04-28T21:28:20.129444+00:00,157.43,157.89,157.32,157.68,2878
2026-04-28T21:29:20.129444+00:00,157.97,158.1,157.81,157.84,4245
2026-04-28T21:30:20.129444+00:00,157.61,157.94,157.5,157.81,1647
2026-04-28T21:31:20.129444+00:00,157.71,157.9,157.4,157.69,4696
2026-04-28T21:32:20.129444+00:00,157.66,158.09,157.56,157.78,2522
2026-04-28T21:33:20.129444+00:00,157.58,157.84,157.32,157.64,2324
2026-04-28T21:34:20.129444+00:00,157.71,157.89,157.57,157.64,4136
2026-04-28T21:35:20.129444+00:00,157.67,157.91,157.53,157.64,2853
2026-04-28T21:36:20.129444+00:00,157.78,157.94,157.55,157.81,2165
2026-04-28T21:37:20.129444+00:00,157.95,158.11,157.57,157.89,2236
2026-04-28T21:38:20.129444+00:00,157.57,158.19,157.5,157.88,2289
2026-04-28T21:39:20.129444+00:00,157.71,158.27,157.49,158.01,2130
2026-04-28T21:40:20.129444+00:00,158.5,158.66,158.05,158.23,3341
2026-04-28T21:41:20.129444+00:00,158.1,158.33,157.99,158.32,1566
2026-04-28T21:42:20.129444+00:00,158.17,158.6,158.09,158.32,2049
2026-04-28T21:43:20.129444+00:00,158.31,158.34,157.99,158.11,4759
2026-04-28T21:44:20.129444+00:00,157.77,157.97,157.66,157.94,2976
2026-04-28T21:45:20.129444+00:00,157.69,158.16,157.47,157.9,3360
2026-04-28T21:46:20.129444+00:00,158.0,158.03,157.6,157.8,1153
2026-04-28T21:47:20.129444+00:00,157.92,158.1,157.75,157.77,1229
2026-04-28T21:48:20.129444+00:00,158.05,158.15,157.5,157.78,2778
2026-04-28T21:49:20.129444+00:00,157.81,158.14,157.54,157.86,1928
2026-04-28T21:50:20.129444+00:00,158.01,158.28,157.56,157.85,3596
2026-04-28T21:51:20.129444+00:00,158.1,158.23,157.83,157.93,1168
2026-04-28T21:52:20.129444+00:00,157.82,158.12,157.72,157.94,3858
2026-04-28T21:53:20.129444+00:00,157.45,157.64,157.22,157.63,2609
2026-04-28T21:54:20.129444+00:00,157.78,158.01,157.3,157.48,1368
2026-04-28T21:55:20.129444+00:00,157.28,157.55,157.16,157.46,1541
2026-04-28T21:56:20.129444+00:00,157.16,157.42,156.93,157.27,3245
2026-04-28T21:57:20.129444+00:00,157.3,157.39,157.14,157.36,4169
2026-04-28T21:58:20.129444+00:00,157.73,157.97,157.45,157.6,1811
2026-04-28T21:59:20.129444+00:00,157.79,158.0,157.72,157.79,3523
2026-04-28T22:00:20.129444+00:00,158.07,158.24,157.68,157.76,2090
2026-04-28T22:01:20.129444+00:00,158.17,158.27,157.7,158.0,1366
2026-04-28T22:02:20.129444+00:00,157.77,158.15,157.66,158.02,1780
2026-04-28T22:03:20.129444+00:00,157.85,158.15,157.85,157.97,2248
2026-04-28T22:04:20.129444+00:00,157.66,157.98,157.4,157.87,4288
2026-04-28T22:05:20.129444+00:00,157.78,157.87,157.77,157.82,4351
2026-04-28T22:06:20.129444+00:00,157.59,157.98,157.54,157.76,3983
2026-04-28T22:07:20.129444+00:00,158.01,158.05,157.77,157.79,4886
2026-04-28T22:08:20.129444+00:00,157.89,157.94,157.55,157.81,2178
2026-04-28T22:09:20.129444+00:00,157.51,158.03,157.47,157.81,2843
2026-04-28T22:10:20.129444+00:00,157.86,157.99,157.63,157.88,1867
2026-04-28T22:11:20.129444+00:00,157.88,158.24,157.8,158.07,2978
2026-04-28T22:12:20.129444+00:00,158.3,158.61,158.0,158.22,3737
2026-04-28T22:13:20.129444+00:00,157.68,158.17,157.47,157.99,1178
2026-04-28T22:14:20.129444+00:00,157.43,157.6,157.36,157.58,3852
2026-04-28T22:15:20.129444+00:00,157.8,157.82,157.52,157.73,1034
2026-04-28T22:16:20.129444+00:00,157.24,157.72,157.03,157.51,4739
2026-04-28T22:17:20.129444+00:00,157.58,157.85,157.47,157.48,4552
2026-04-28T22:18:20.129444+00:00,157.54,157.66,156.99,157.29,3082
2026-04-28T22:19:20.129444+00:00,157.31,157.34,156.91,157.01,4550
2026-04-28T22:20:20.129444+00:00,157.16,157.19,157.03,157.1,4959
2026-04-28T22:21:20.129444+00:00,157.19,157.51,157.18,157.22,2013
2026-04-28T22:22:20.129444+00:00,157.39,157.49,156.97,157.13,4049
2026-04-28T22:23:20.129444+00:00,156.5,156.83,156.39,156.72,3560
2026-04-28T22:24:20.129444+00:00,156.51,156.94,156.2,156.63,2129
2026-04-28T22:25:20.129444+00:00,156.89,157.09,156.42,156.69,4647
2026-04-28T22:26:20.129444+00:00,156.78,157.09,156.17,156.46,4887
2026-04-28T22:27:20.129444+00:00,156.35,156.54,156.07,156.49,3690
2026-04-28T22:28:20.129444+00:00,156.26,156.72,156.1,156.49,3777
2026-04-28T22:29:20.129444+00:00,156.65,156.85,156.51,156.58,1984
2026-04-28T22:30:20.129444+00:00,156.64,156.78,156.5,156.6,3479
2026-04-28T22:31:20.129444+00:00,156.34,156.62,156.27,156.45,1567
2026-04-28T22:32:20.129444+00:00,156.68,156.9,156.57,156.63,1565
2026-04-28T22:33:20.129444+00:00,156.49,156.83,156.32,156.61,1553
2026-04-28T22:34:20.129444+00:00,156.56,156.89,156.32,156.6,3687
2026-04-28T22:35:20.129444+00:00,156.73,157.02,156.36,156.46,3282
2026-04-28T22:36:20.129444+00:00,156.41,156.63,156.33,156.39,4438
2026-04-28T22:37:20.129444+00:00,156.49,156.72,156.01,156.25,4605
2026-04-28T22:38:20.129444+00:00,156.52,156.82,156.13,156.22,4054
2026-04-28T22:39:20.129444+00:00,156.76,157.04,156.2,156.49,2121
2026-04-28T22:40:20.129444+00:00,156.06,156.34,156.02,156.28,1107
2026-04-28T22:41:20.129444+00:00,156.19,156.38,155.94,156.02,3322
2026-04-28T22:42:20.129444+00:00,156.32,156.51,156.18,156.25,1106
2026-04-28T22:43:20.129444+00:00,156.13,156.44,155.98,156.22,3057
2026-04-28T22:44:20.129444+00:00,156.33,156.48,155.91,156.12,1753
2026-04-28T22:45:20.129444+00:00,156.5,156.65,156.24,156.28,1791
2026-04-28T22:46:20.129444+00:00,156.01,156.31,155.71,156.19,4790
2026-04-28T22:47:20.129444+00:00,156.33,156.6,156.09,156.47,1830
2026-04-28T22:48:20.129444+00:00,156.74,156.76,156.29,156.58,2799
2026-04-28T22:49:20.129444+00:00,156.73,156.88,156.4,156.5,2874
2026-04-28T22:50:20.129444+00:00,157.08,157.22,156.59,156.84,3490
2026-04-28T22:51:20.129444+00:00,156.89,157.01,156.65,156.74,3504
2026-04-28T22:52:20.129444+00:00,157.14,157.31,156.69,156.86,3627
2026-04-28T22:53:20.129444+00:00,157.14,157.39,156.74,156.91,2849
2026-04-28T22:54:20.129444+00:00,157.08,157.39,156.81,157.11,2006
2026-04-28T22:55:20.129444+00:00,157.37,157.49,157.13,157.36,3284
2026-04-28T22:56:20.129444+00:00,157.29,157.6,156.99,157.36,1777
2026-04-28T22:57:20.129444+00:00,157.11,157.37,157.02,157.24,4389
2026-04-28T22:58:20.129444+00:00,157.18,157.37,157.09,157.32,4764
2026-04-28T22:59:20.129444+00:00,156.93,157.37,156.88,157.21,4399
2026-04-28T23:00:20.129444+00:00,157.62,157.65,157.37,157.53,1736
2026-04-28T23:01:20.129444+00:00,157.72,158.02,157.33,157.55,1554
2026-04-28T23:02:20.129444+00:00,157.42,157.59,157.41,157.49,2858
2026-04-28T23:03:20.129444+00:00,157.58,157.8,157.46,157.52,2862
2026-04-28T23:04:20.129444+00:00,157.05,157.41,156.84,157.31,3914
2026-04-28T23:05:20.129444+00:00,157.34,157.57,157.12,157.15,1467
2026-04-28T23:06:20.129444+00:00,157.47,157.67,157.32,157.34,3897
2026-04-28T23:07:20.129444+00:00,157.17,157.49,157.01,157.24,4890
2026-04-28T23:08:20.129444+00:00,156.86,157.25,156.85,157.07,1699
2026-04-28T23:09:20.129444+00:00,157.42,157.6,156.95,157.16,1614
2026-04-28T23:10:20.129444+00:00,157.13,157.39,156.89,157.35,1210
2026-04-28T23:11:20.129444+00:00,157.41,157.56,157.17,157.46,2827
2026-04-28T23:12:20.129444+00:00,157.48,157.67,157.2,157.62,4933
2026-04-28T23:13:20.129444+00:00,157.31,157.69,157.23,157.5,2878
2026-04-28T23:14:20.129444+00:00,157.27,157.43,157.02,157.27,3490
2026-04-28T23:15:20.129444+00:00,157.75,157.82,157.32,157.51,2948
2026-04-28T23:16:20.129444+00:00,157.43,157.6,157.24,157.46,1026
2026-04-28T23:17:20.129444+00:00,157.26,157.59,157.06,157.42,3283
2026-04-28T23:18:20.129444+00:00,157.83,157.9,157.57,157.63,1225
2026-04-28T23:19:20.129444+00:00,157.81,157.82,157.45,157.72,3732
2026-04-28T23:20:20.129444+00:00,157.84,158.03,157.68,157.79,1359
2026-04-28T23:21:20.129444+00:00,157.84,158.26,157.79,158.13,3752
2026-04-28T23:22:20.129444+00:00,157.89,158.24,157.67,158.03,3344
2026-04-28T23:23:20.129444+00:00,158.36,158.41,158.03,158.17,3371
2026-04-28T23:24:20.129444+00:00,158.09,158.19,157.85,158.18,2322
2026-04-28T23:25:20.129444+00:00,158.14,158.35,158.12,158.23,2750
2026-04-28T23:26:20.129444+00:00,158.69,158.71,158.32,158.47,1499
2026-04-28T23:27:20.129444+00:00,158.67,158.76,158.38,158.55,3148
2026-04-28T23:28:20.129444+00:00,158.45,158.7,158.43,158.63,3340
2026-04-28T23:29:20.129444+00:00,158.95,159.15,158.49,158.8,2981
2026-04-28T23:30:20.129444+00:00,158.89,159.08,158.5,158.75,3895
2026-04-28T23:31:20.129444+00:00,158.48,158.81,158.38,158.61,3152
2026-04-28T23:32:20.129444+00:00,158.49,158.69,158.15,158.45,3516
2026-04-28T23:33:20.129444+00:00,158.18,158.34,157.94,158.14,3017
2026-04-28T23:34:20.129444+00:00,158.66,158.94,158.39,158.46,2189
2026-04-28T23:35:20.129444+00:00,158.59,158.59,158.28,158.29,3561
2026-04-28T23:36:20.129444+00:00,158.44,158.67,158.19,158.25,3520
2026-04-28T23:37:20.129444+00:00,158.52,158.65,158.1,158.21,3295
2026-04-28T23:38:20.129444+00:00,158.45,158.52,158.05,158.26,3826
2026-04-28T23:39:20.129444+00:00,158.25,158.64,158.15,158.39,3075
2026-04-28T23:40:20.129444+00:00,158.55,158.8,158.49,158.52,2365
2026-04-28T23:41:20.129444+00:00,158.33,158.66,158.13,158.43,1119
2026-04-28T23:42:20.129444+00:00,158.61,158.68,158.14,158.4,4777
2026-04-28T23:43:20.129444+00:00,158.56,158.85,158.2,158.45,3644
2026-04-28T23:44:20.129444+00:00,158.18,158.46,158.03,158.41,4543
2026-04-28T23:45:20.129444+00:00,158.69,158.79,158.41,158.66,2695
2026-04-28T23:46:20.129444+00:00,159.01,159.03,158.58,158.74,3314
2026-04-28T23:47:20.129444+00:00,159.0,159.1,158.69,158.86,1853
2026-04-28T23:48:20.129444+00:00,159.01,159.12,158.67,158.96,4259
2026-04-28T23:49:20.129444+00:00,159.06,159.46,158.97,159.15,1127
2026-04-28T23:50:20.129444+00:00,159.08,159.3,158.91,159.18,1679
2026-04-28T23:51:20.129444+00:00,159.02,159.14,158.78,158.97,4541
2026-04-28T23:52:20.129444+00:00,159.22,159.31,158.76,159.04,3907
2026-04-28T23:53:20.129444+00:00,158.63,159.06,158.48,158.93,1973
2026-04-28T23:54:20.129444+00:00,158.77,159.11,158.67,158.85,3150
2026-04-28T23:55:20.129444+00:00,158.82,158.98,158.57,158.94,4185
2026-04-28T23:56:20.129444+00:00,158.95,159.17,158.79,159.14,4272
2026-04-28T23:57:20.129444+00:00,159.13,159.3,159.07,159.14,4783
2026-04-28T23:58:20.129444+00:00,159.18,159.47,159.08,159.19,2340
2026-04-28T23:59:20.129444+00:00,159.23,159.74,158.97,159.46,4842
2026-04-29T00:00:20.129444+00:00,159.51,159.83,159.44,159.5,1149
2026-04-29T00:01:20.129444+00:00,159.89,160.14,159.72,159.92,1016
2026-04-29T00:02:20.129444+00:00,159.89,160.02,159.61,160.01,4571
2026-04-29T00:03:20.129444+00:00,159.46,159.87,159.45,159.73,3132
2026-04-29T00:04:20.129444+00:00,160.02,160.25,159.84,159.85,4106
2026-04-29T00:05:20.129444+00:00,159.79,160.19,159.68,159.91,1788
2026-04-29T00:06:20.129444+00:00,159.98,160.28,159.73,160.11,3748
2026-04-29T00:07:20.129444+00:00,159.98,160.27,159.89,160.22,1062
2026-04-29T00:08:20.129444+00:00,160.49,160.67,160.17,160.2,3222
2026-04-29T00:09:20.129444+00:00,159.91,160.1,159.86,160.0,3885
2026-04-29T00:10:20.129444+00:00,160.16,160.35,159.91,159.97,2275
2026-04-29T00:11:20.129444+00:00,159.91,160.01,159.69,159.83,1532
2026-04-29T00:12:20.129444+00:00,159.44,160.03,159.42,159.74,2571
2026-04-29T00:13:20.129444+00:00,159.55,159.97,159.49,159.83,3441
2026-04-29T00:14:20.129444+00:00,160.35,160.55,159.88,160.1,2826
2026-04-29T00:15:20.129444+00:00,160.24,160.34,159.9,160.16,3920
2026-04-29T00:16:20.129444+00:00,160.14,160.4,159.95,159.97,4779
2026-04-29T00:17:20.129444+00:00,160.21,160.36,160.0,160.04,4329
2026-04-29T00:18:20.129444+00:00,160.43,160.65,160.2,160.24,2271
2026-04-29T00:19:20.129444+00:00,160.26,160.48,159.99,160.14,1949
2026-04-29T00:20:20.129444+00:00,160.4,160.45,159.83,160.12,2056
2026-04-29T00:21:20.129444+00:00,160.38,160.51,159.9,160.12,3724
2026-04-29T00:22:20.129444+00:00,159.89,160.27,159.78,159.99,2996
2026-04-29T00:23:20.129444+00:00,159.8,160.25,159.68,160.1,2889
2026-04-29T00:24:20.129444+00:00,160.3,160.39,159.97,160.08,3353
2026-04-29T00:25:20.129444+00:00,159.91,160.18,159.64,160.15,4263
2026-04-29T00:26:20.129444+00:00,159.75,160.18,159.73,160.0,2237
2026-04-29T00:27:20.129444+00:00,159.95,160.08,159.8,159.93,3543
2026-04-29T00:28:20.129444+00:00,159.88,160.1,159.73,160.05,1270
2026-04-29T00:29:20.129444+00:00,159.89,160.25,159.7,159.99,4212
2026-04-29T00:30:20.129444+00:00,160.57,160.76,160.16,160.27,3843
2026-04-29T00:31:20.129444+00:00,160.03,160.41,160.01,160.2,4812
2026-04-29T00:32:20.129444+00:00,160.37,160.64,160.2,160.24,3441
2026-04-29T00:33:20.129444+00:00,160.36,160.57,160.1,160.39,1721
2026-04-29T00:34:20.129444+00:00,160.04,160.29,159.85,160.16,3807
2026-04-29T00:35:20.129444+00:00,160.08,160.33,159.76,159.88,3024
2026-04-29T00:36:20.129444+00:00,159.73,159.75,159.56,159.63,1569
2026-04-29T00:37:20.129444+00:00,160.08,160.37,159.63,159.84,1000
2026-04-29T00:38:20.129444+00:00,159.91,160.12,159.6,159.75,2193
2026-04-29T00:39:20.129444+00:00,160.09,160.34,160.02,160.16,3791
2026-04-29T00:40:20.129444+00:00,160.31,160.4,159.81,160.07,3783
2026-04-29T00:41:20.129444+00:00,159.97,160.4,159.83,160.1,4748
2026-04-29T00:42:20.129444+00:00,160.24,160.37,160.24,160.34,3090
2026-04-29T00:43:20.129444+00:00,160.6,160.71,160.51,160.67,2512
2026-04-29T00:44:20.129444+00:00,161.26,161.57,161.0,161.0,3293
2026-04-29T00:45:20.129444+00:00,161.4,161.51,160.91,161.19,4545
2026-04-29T00:46:20.129444+00:00,161.05,161.5,160.86,161.36,3560
2026-04-29T00:47:20.129444+00:00,161.33,161.58,161.21,161.45,3232
2026-04-29T00:48:20.129444+00:00,161.39,161.63,161.35,161.58,3275
2026-04-29T00:49:20.129444+00:00,161.41,161.79,161.14,161.49,1631
2026-04-29T00:50:20.129444+00:00,161.22,161.64,161.18,161.36,1047
2026-04-29T00:51:20.129444+00:00,161.08,161.36,160.85,161.36,2993
2026-04-29T00:52:20.129444+00:00,161.43,161.75,161.29,161.33,1562
2026-04-29T00:53:20.129444+00:00,161.35,161.48,161.11,161.26,4231
2026-04-29T00:54:20.129444+00:00,161.49,161.79,161.17,161.37,2861
2026-04-29T00:55:20.129444+00:00,161.53,161.71,161.38,161.52,2455
2026-04-29T00:56:20.129444+00:00,161.36,161.67,161.36,161.54,3040
2026-04-29T00:57:20.129444+00:00,162.0,162.08,161.61,161.78,2682
2026-04-29T00:58:20.129444+00:00,161.87,162.05,161.58,161.59,1155
2026-04-29T00:59:20.129444+00:00,161.6,161.83,161.52,161.56,2972
2026-04-29T01:00:20.129444+00:00,161.74,161.77,161.21,161.44,3156
2026-04-29T01:01:20.129444+00:00,161.45,161.77,160.89,161.14,2904
2026-04-29T01:02:20.129444+00:00,161.14,161.31,160.93,161.13,2004
2026-04-29T01:03:20.129444+00:00,161.09,161.35,160.78,161.11,1319
2026-04-29T01:04:20.129444+00:00,161.47,161.65,161.17,161.35,3511
2026-04-29T01:05:20.129444+00:00,161.17,161.57,160.92,161.46,2920
2026-04-29T01:06:20.129444+00:00,161.26,161.58,161.08,161.29,2357
2026-04-29T01:07:20.129444+00:00,161.54,161.9,161.28,161.59,2184
2026-04-29T01:08:20.129444+00:00,161.57,162.01,161.38,161.79,2245
2026-04-29T01:09:20.129444+00:00,162.03,162.21,161.86,161.88,2938
2026-04-29T01:10:20.129444+00:00,161.9,162.08,161.63,161.84,2195
2026-04-29T01:11:20.129444+00:00,161.89,162.09,161.6,161.69,1337
2026-04-29T01:12:20.129444+00:00,161.39,161.65,161.13,161.63,2032
2026-04-29T01:13:20.129444+00:00,161.57,161.9,161.29,161.81,1058
2026-04-29T01:14:20.129444+00:00,162.27,162.46,161.82,162.11,4026
2026-04-29T01:15:20.129444+00:00,162.13,162.51,161.87,162.36,2070
2026-04-29T01:16:20.129444+00:00,162.47,162.54,162.22,162.28,3160
2026-04-29T01:17:20.129444+00:00,162.33,162.45,162.07,162.1,1594
2026-04-29T01:18:20.129444+00:00,162.18,162.45,161.85,162.12,4083
2026-04-29T01:19:20.129444+00:00,162.16,162.41,161.76,161.84,2802
2026-04-29T01:20:20.129444+00:00,162.04,162.09,161.7,161.89,4448
2026-04-29T01:21:20.129444+00:00,161.76,162.07,161.52,161.86,1475
2026-04-29T01:22:20.129444+00:00,161.5,161.94,161.35,161.79,2950
2026-04-29T01:23:20.129444+00:00,161.69,161.93,161.36,161.53,2555
2026-04-29T01:24:20.129444+00:00,161.73,161.86,161.53,161.61,3172
2026-04-29T01:25:20.129444+00:00,161.77,161.77,161.23,161.53,2838
2026-04-29T01:26:20.129444+00:00,161.26,161.44,161.09,161.34,4915
2026-04-29T01:27:20.129444+00:00,160.58,161.17,160.38,160.88,4916
2026-04-29T01:28:20.129444+00:00,161.09,161.29,160.66,160.87,2116
2026-04-29T01:29:20.129444+00:00,161.05,161.24,161.02,161.16,3680
2026-04-29T01:30:20.129444+00:00,161.48,161.63,161.21,161.43,1990
2026-04-29T01:31:20.129444+00:00,161.5,161.69,161.29,161.35,2382
2026-04-29T01:32:20.129444+00:00,161.37,161.69,161.15,161.25,1043
2026-04-29T01:33:20.129444+00:00,161.44,161.71,161.33,161.33,1400
2026-04-29T01:34:20.129444+00:00,161.19,161.41,161.06,161.17,3970
2026-04-29T01:35:20.129444+00:00,161.08,161.28,161.07,161.22,1376
2026-04-29T01:36:20.129444+00:00,161.06,161.53,160.77,161.34,1888
2026-04-29T01:37:20.129444+00:00,161.83,162.04,161.31,161.54,1491
2026-04-29T01:38:20.129444+00:00,161.26,161.72,161.13,161.52,4128
2026-04-29T01:39:20.129444+00:00,161.75,161.93,161.18,161.49,4670
2026-04-29T01:40:20.129444+00:00,161.1,161.41,161.0,161.35,3705
2026-04-29T01:41:20.129444+00:00,161.5,161.7,160.92,161.22,2132
2026-04-29T01:42:20.129444+00:00,161.35,161.58,160.96,161.18,4154
2026-04-29T01:43:20.129444+00:00,161.12,161.29,161.1,161.24,4183
2026-04-29T01:44:20.129444+00:00,161.1,161.51,160.78,161.39,2057
2026-04-29T01:45:20.129444+00:00,161.55,161.64,161.11,161.26,3014
2026-04-29T01:46:20.129444+00:00,161.81,161.87,161.37,161.5,3643
2026-04-29T01:47:20.129444+00:00,161.45,161.5,161.2,161.45,1894
2026-04-29T01:48:20.129444+00:00,161.52,161.56,161.31,161.45,2060
2026-04-29T01:49:20.129444+00:00,161.07,161.35,160.89,161.33,2026
2026-04-29T01:50:20.129444+00:00,161.12,161.12,160.78,160.94,3674
2026-04-29T01:51:20.129444+00:00,161.17,161.47,160.87,161.08,2091
2026-04-29T01:52:20.129444+00:00,160.98,161.31,160.85,161.2,1015
2026-04-29T01:53:20.129444+00:00,161.16,161.47,161.0,161.15,2786
2026-04-29T01:54:20.129444+00:00,161.1,161.4,160.84,161.17,1287
2026-04-29T01:55:20.129444+00:00,161.27,161.28,160.94,161.25,4350
2026-04-29T01:56:20.129444+00:00,161.18,161.22,160.82,161.0,2470
2026-04-29T01:57:20.129444+00:00,160.8,161.01,160.79,160.91,4927
2026-04-29T01:58:20.129444+00:00,161.13,161.25,160.76,161.04,2392
2026-04-29T01:59:20.129444+00:00,160.57,160.99,160.32,160.84,3653
2026-04-29T02:00:20.129444+00:00,160.69,161.06,160.38,160.88,3706
2026-04-29T02:01:20.129444+00:00,160.47,160.89,160.18,160.67,3583
2026-04-29T02:02:20.129444+00:00,160.86,161.02,160.46,160.74,2793
2026-04-29T02:03:20.129444+00:00,160.89,160.93,160.67,160.74,3948
2026-04-29T02:04:20.129444+00:00,160.79,160.87,160.35,160.48,4247
2026-04-29T02:05:20.129444+00:00,160.69,160.79,160.49,160.66,4417
2026-04-29T02:06:20.129444+00:00,160.75,161.06,160.54,160.55,2389
2026-04-29T02:07:20.129444+00:00,160.13,160.67,160.12,160.42,1484
2026-04-29T02:08:20.129444+00:00,160.26,160.66,160.09,160.45,4850
2026-04-29T02:09:20.129444+00:00,160.75,161.03,160.58,160.63,3373
2026-04-29T02:10:20.129444+00:00,160.3,160.49,160.06,160.47,3002
2026-04-29T02:11:20.129444+00:00,160.58,160.73,160.18,160.48,1187
2026-04-29T02:12:20.129444+00:00,160.38,160.76,160.38,160.55,3591
2026-04-29T02:13:20.129444+00:00,160.37,160.76,160.11,160.66,2868
2026-04-29T02:14:20.129444+00:00,160.76,161.03,160.67,160.69,4348
2026-04-29T02:15:20.129444+00:00,160.38,160.79,160.12,160.63,1903
2026-04-29T02:16:20.129444+00:00,160.21,160.56,160.11,160.5,4423
2026-04-29T02:17:20.129444+00:00,160.82,161.04,160.41,160.51,4997
2026-04-29T02:18:20.129444+00:00,160.46,160.63,160.23,160.34,4951
2026-04-29T02:19:20.129444+00:00,160.06,160.3,159.68,159.87,2374
2026-04-29T02:20:20.129444+00:00,159.66,160.03,159.42,159.94,1688
2026-04-29T02:21:20.129444+00:00,160.21,160.39,159.94,160.08,4791
2026-04-29T02:22:20.129444+00:00,159.76,159.8,159.45,159.71,3589
2026-04-29T02:23:20.129444+00:00,159.62,159.86,159.54,159.54,2994
2026-04-29T02:24:20.129444+00:00,159.38,159.65,159.08,159.64,3894
2026-04-29T02:25:20.129444+00:00,160.07,160.35,159.84,159.97,4307
2026-04-29T02:26:20.129444+00:00,160.16,160.32,159.94,159.98,1586
2026-04-29T02:27:20.129444+00:00,159.95,160.12,159.73,159.86,4842
2026-04-29T02:28:20.129444+00:00,159.62,160.05,159.43,159.83,3937
2026-04-29T02:29:20.129444+00:00,160.05,160.35,159.85,160.05,4205
2026-04-29T02:30:20.129444+00:00,159.82,160.08,159.64,159.95,1786
2026-04-29T02:31:20.129444+00:00,159.57,159.99,159.54,159.82,2482
2026-04-29T02:32:20.129444+00:00,159.97,160.29,159.58,159.74,2901
2026-04-29T02:33:20.129444+00:00,159.76,159.97,159.5,159.59,1793
2026-04-29T02:34:20.129444+00:00,159.36,159.66,159.09,159.61,4733
2026-04-29T02:35:20.129444+00:00,159.85,159.93,159.64,159.87,1176
2026-04-29T02:36:20.129444+00:00,159.64,160.04,159.57,159.92,2029
2026-04-29T02:37:20.129444+00:00,159.77,160.14,159.53,159.88,1177
2026-04-29T02:38:20.129444+00:00,159.58,159.85,159.41,159.83,1647
2026-04-29T02:39:20.129444+00:00,159.77,159.92,159.55,159.58,4666
2026-04-29T02:40:20.129444+00:00,159.56,159.87,159.37,159.72,2716
2026-04-29T02:41:20.129444+00:00,159.52,159.93,159.42,159.71,4190
2026-04-29T02:42:20.129444+00:00,159.43,159.76,159.36,159.68,2689
2026-04-29T02:43:20.129444+00:00,160.43,160.55,160.12,160.19,2929
2026-04-29T02:44:20.129444+00:00,160.3,160.31,160.1,160.24,1885
2026-04-29T02:45:20.129444+00:00,160.4,160.54,160.0,160.12,1558
2026-04-29T02:46:20.129444+00:00,160.03,160.12,159.91,160.05,2104
2026-04-29T02:47:20.129444+00:00,160.05,160.28,159.82,160.24,1244
2026-04-29T02:48:20.129444+00:00,160.11,160.29,159.97,160.26,2713
2026-04-29T02:49:20.129444+00:00,159.81,160.14,159.53,160.03,3472
2026-04-29T02:50:20.129444+00:00,159.95,160.43,159.65,160.17,4709
2026-04-29T02:51:20.129444+00:00,159.85,160.38,159.58,160.07,1354
2026-04-29T02:52:20.129444+00:00,160.31,160.53,160.03,160.37,1886
2026-04-29T02:53:20.129444+00:00,160.6,160.87,160.45,160.54,3990
2026-04-29T02:54:20.129444+00:00,160.42,160.75,160.34,160.47,2778
2026-04-29T02:55:20.129444+00:00,160.72,161.01,160.48,160.67,1610
2026-04-29T02:56:20.129444+00:00,160.95,161.24,160.55,160.68,1181
2026-04-29T02:57:20.129444+00:00,160.52,160.97,160.28,160.82,1137
2026-04-29T02:58:20.129444+00:00,160.85,161.03,160.59,160.9,3853
2026-04-29T02:59:20.129444+00:00,160.97,161.11,160.69,160.76,3287
2026-04-29T03:00:20.129444+00:00,160.82,161.04,160.53,160.66,1892
2026-04-29T03:01:20.129444+00:00,160.59,160.92,160.38,160.82,1371
2026-04-29T03:02:20.129444+00:00,160.46,160.99,160.41,160.77,2881
2026-04-29T03:03:20.129444+00:00,160.94,161.18,160.7,160.71,2863
2026-04-29T03:04:20.129444+00:00,160.53,160.6,160.3,160.55,1757
2026-04-29T03:05:20.129444+00:00,160.81,160.93,160.47,160.62,3594
2026-04-29T03:06:20.129444+00:00,160.63,161.15,160.51,160.95,3829
2026-04-29T03:07:20.129444+00:00,160.67,160.79,160.54,160.78,2105
2026-04-29T03:08:20.129444+00:00,160.91,161.11,160.6,160.78,1848
2026-04-29T03:09:20.129444+00:00,161.2,161.22,160.73,161.01,4013
2026-04-29T03:10:20.129444+00:00,161.28,161.44,160.71,161.0,2490
2026-04-29T03:11:20.129444+00:00,161.32,161.36,160.95,161.07,3535
2026-04-29T03:12:20.129444+00:00,160.6,161.02,160.4,160.9,3887
2026-04-29T03:13:20.129444+00:00,160.69,161.2,160.62,160.97,2371
2026-04-29T03:14:20.129444+00:00,160.77,160.98,160.62,160.94,4846
2026-04-29T03:15:20.129444+00:00,161.26,161.54,160.87,161.1,4084
2026-04-29T03:16:20.129444+00:00,161.45,161.52,161.18,161.29,2095
2026-04-29T03:17:20.129444+00:00,161.71,161.85,161.69,161.71,2527
2026-04-29T03:18:20.129444+00:00,161.7,161.96,161.53,161.8,1502
2026-04-29T03:19:20.129444+00:00,161.83,162.03,161.57,161.85,4684
2026-04-29T03:20:20.129444+00:00,161.75,162.09,161.49,161.89,4872
2026-04-29T03:21:20.129444+00:00,161.95,162.27,161.54,161.83,1771
2026-04-29T03:22:20.129444+00:00,162.14,162.29,161.86,161.88,4677
2026-04-29T03:23:20.129444+00:00,161.63,162.15,161.6,161.84,1674
2026-04-29T03:24:20.129444+00:00,161.72,162.09,161.56,161.86,4583
2026-04-29T03:25:20.129444+00:00,161.88,162.38,161.88,162.08,2706
2026-04-29T03:26:20.129444+00:00,162.22,162.39,161.87,161.91,2420
2026-04-29T03:27:20.129444+00:00,162.05,162.34,162.04,162.1,1774
2026-04-29T03:28:20.129444+00:00,162.03,162.59,161.95,162.31,4880
2026-04-29T03:29:20.129444+00:00,162.3,162.41,162.1,162.29,3685
2026-04-29T03:30:20.129444+00:00,162.04,162.15,161.76,161.95,3854
2026-04-29T03:31:20.129444+00:00,161.87,162.05,161.7,161.85,3323
2026-04-29T03:32:20.129444+00:00,161.82,162.32,161.77,162.06,2064
2026-04-29T03:33:20.129444+00:00,161.88,162.18,161.79,162.06,4463
2026-04-29T03:34:20.129444+00:00,161.6,162.01,161.45,161.89,1681
2026-04-29T03:35:20.129444+00:00,161.89,161.94,161.64,161.81,1746
2026-04-29T03:36:20.129444+00:00,162.26,162.53,161.72,161.95,3729
2026-04-29T03:37:20.129444+00:00,162.23,162.28,162.0,162.04,2296
2026-04-29T03:38:20.129444+00:00,162.05,162.19,161.88,162.0,1840
2026-04-29T03:39:20.129444+00:00,161.98,161.99,161.84,161.94,2408
2026-04-29T03:40:20.129444+00:00,161.65,162.02,161.33,161.88,3185
2026-04-29T03:41:20.129444+00:00,161.6,162.02,161.47,161.73,3045
2026-04-29T03:42:20.129444+00:00,162.16,162.47,161.69,161.99,1639
2026-04-29T03:43:20.129444+00:00,161.61,162.17,161.3,161.94,2356
2026-04-29T03:44:20.129444+00:00,162.23,162.32,161.84,162.13,4971
2026-04-29T03:45:20.129444+00:00,162.67,162.99,162.19,162.38,1602
2026-04-29T03:46:20.129444+00:00,162.74,162.97,162.24,162.54,2387
2026-04-29T03:47:20.129444+00:00,162.59,162.83,162.18,162.47,1571
2026-04-29T03:48:20.129444+00:00,162.65,162.69,162.53,162.54,3529
2026-04-29T03:49:20.129444+00:00,162.76,162.9,162.5,162.53,1225
2026-04-29T03:50:20.129444+00:00,162.46,162.52,162.22,162.39,4200
2026-04-29T03:51:20.129444+00:00,162.72,162.81,162.43,162.44,3205
2026-04-29T03:52:20.129444+00:00,162.47,162.69,161.94,162.25,4997
2026-04-29T03:53:20.129444+00:00,162.45,162.51,162.34,162.44,3478
2026-04-29T03:54:20.129444+00:00,162.37,162.39,162.15,162.37,2628
2026-04-29T03:55:20.129444+00:00,162.17,162.68,162.05,162.4,2527
2026-04-29T03:56:20.129444+00:00,162.13,162.56,162.03,162.44,2825
2026-04-29T03:57:20.129444+00:00,162.65,162.67,162.17,162.4,2819
2026-04-29T03:58:20.129444+00:00,162.65,162.79,162.35,162.5,1670
2026-04-29T03:59:20.129444+00:00,162.62,162.93,162.28,162.42,4671
2026-04-29T04:00:20.129444+00:00,162.51,162.83,162.31,162.56,1588
2026-04-29T04:01:20.129444+00:00,162.15,162.5,161.87,162.34,2373
2026-04-29T04:02:20.129444+00:00,162.08,162.68,161.84,162.36,1362
2026-04-29T04:03:20.129444+00:00,162.36,162.89,162.27,162.68,1716
2026-04-29T04:04:20.129444+00:00,162.55,162.78,162.27,162.52,1560
2026-04-29T04:05:20.129444+00:00,162.21,162.68,162.12,162.41,3009
2026-04-29T04:06:20.129444+00:00,162.19,162.76,161.92,162.49,2244
2026-04-29T04:07:20.129444+00:00,162.51,162.76,162.44,162.52,4240
2026-04-29T04:08:20.129444+00:00,178.48,178.93,178.14,178.83,22085
2026-04-29T04:09:20.129444+00:00,179.02,179.06,178.68,178.92,10890
2026-04-29T04:10:20.129444+00:00,178.97,179.21,178.73,179.03,10010
2026-04-29T04:11:20.129444+00:00,178.89,179.51,178.72,179.23,24875
2026-04-29T04:12:20.129444+00:00,179.0,179.57,178.79,179.31,16580
2026-04-29T04:13:20.129444+00:00,179.22,179.36,178.97,179.26,24950
2026-04-29T04:14:20.129444+00:00,179.52,179.57,179.2,179.38,16780
2026-04-29T04:15:20.129444+00:00,179.38,179.82,179.17,179.72,7990
2026-04-29T04:16:20.129444+00:00,179.57,180.02,179.52,179.7,8340
2026-04-29T04:17:20.129444+00:00,179.2,179.66,178.98,179.53,24560
2026-04-29T04:18:20.129444+00:00,179.62,179.83,179.43,179.72,24175
2026-04-29T04:19:20.129444+00:00,179.4,179.77,179.17,179.7,20660
2026-04-29T04:20:20.129444+00:00,179.02,179.58,178.83,179.31,22865
2026-04-29T04:21:20.129444+00:00,179.33,179.77,179.05,179.47,10555
2026-04-29T04:22:20.129444+00:00,179.5,179.75,179.33,179.37,16875
2026-04-29T04:23:20.129444+00:00,179.25,179.4,179.2,179.35,10760
2026-04-29T04:24:20.129444+00:00,179.32,179.59,179.2,179.41,23650
2026-04-29T04:25:20.129444+00:00,179.2,179.52,179.02,179.45,22030
2026-04-29T04:26:20.129444+00:00,179.35,179.9,179.13,179.57,22025
2026-04-29T04:27:20.129444+00:00,179.82,180.12,179.24,179.5,19380
2026-04-29T04:28:20.129444+00:00,138.91,138.95,138.64,138.77,6560
2026-04-29T04:29:20.129444+00:00,138.52,138.77,138.52,138.74,12130
2026-04-29T04:30:20.129444+00:00,138.73,138.94,138.51,138.84,23220
2026-04-29T04:31:20.129444+00:00,139.2,139.34,138.65,138.92,8525
2026-04-29T04:32:20.129444+00:00,138.91,138.92,138.57,138.79,9550
2026-04-29T04:33:20.129444+00:00,138.74,139.14,138.55,138.95,11295
2026-04-29T04:34:20.129444+00:00,138.66,138.91,138.64,138.87,19145
2026-04-29T04:35:20.129444+00:00,139.13,139.16,138.98,138.98,14915
2026-04-29T04:36:20.129444+00:00,139.18,139.19,139.0,139.03,21240
2026-04-29T04:37:20.129444+00:00,139.38,139.54,139.16,139.29,23605
2026-04-29T04:38:20.129444+00:00,139.12,139.28,138.94,139.26,20450
2026-04-29T04:39:20.129444+00:00,138.99,139.24,138.82,139.21,17030
2026-04-29T04:40:20.129444+00:00,139.43,139.48,139.11,139.21,6855
2026-04-29T04:41:20.129444+00:00,138.97,139.37,138.89,139.17,16870
2026-04-29T04:42:20.129444+00:00,139.19,139.32,139.05,139.28,19920
2026-04-29T04:43:20.129444+00:00,139.11,139.26,139.03,139.05,21785
2026-04-29T04:44:20.129444+00:00,138.95,138.95,138.85,138.91,8920
2026-04-29T04:45:20.129444+00:00,139.01,139.06,138.55,138.76,5085
2026-04-29T04:46:20.129444+00:00,139.15,139.18,138.83,138.89,15325
2026-04-29T04:47:20.129444+00:00,139.32,139.45,138.93,139.13,8790
2026-04-29T04:48:20.129444+00:00,163.62,163.98,163.56,163.66,12265
2026-04-29T04:49:20.129444+00:00,163.95,164.09,163.47,163.63,2669
2026-04-29T04:50:20.129444+00:00,163.39,163.97,163.35,163.65,1451
2026-04-29T04:51:20.129444+00:00,163.85,164.01,163.72,163.84,2180
2026-04-29T04:52:20.129444+00:00,163.72,163.73,163.58,163.68,1473
2026-04-29T04:53:20.129444+00:00,163.65,163.87,163.41,163.72,3814
2026-04-29T04:54:20.129444+00:00,164.19,164.34,163.7,163.88,2190
2026-04-29T04:55:20.129444+00:00,164.28,164.42,163.68,163.96,4664
2026-04-29T04:56:20.129444+00:00,164.22,164.38,163.77,164.0,1734
2026-04-29T04:57:20.129444+00:00,163.84,164.38,163.62,164.16,2623
2026-04-29T04:58:20.129444+00:00,163.68,163.93,163.65,163.72,1587
2026-04-29T04:59:20.129444+00:00,163.76,164.06,163.44,163.83,4036
2026-04-29T05:00:20.129444+00:00,164.0,164.32,163.7,163.72,4994
2026-04-29T05:01:20.129444+00:00,163.22,163.49,162.95,163.42,2655
2026-04-29T05:02:20.129444+00:00,163.26,163.78,163.02,163.5,2140
2026-04-29T05:03:20.129444+00:00,163.9,164.15,163.54,163.73,4097
2026-04-29T05:04:20.129444+00:00,163.9,164.11,163.58,163.71,2948
2026-04-29T05:05:20.129444+00:00,163.97,164.28,163.54,163.86,3094
2026-04-29T05:06:20.129444+00:00,163.98,164.38,163.95,164.13,2026
2026-04-29T05:07:20.129444+00:00,164.34,164.42,164.03,164.34,1121
2026-04-29T05:08:20.129444+00:00,164.35,164.63,164.33,164.61,3777
2026-04-29T05:09:20.129444+00:00,164.42,164.79,164.22,164.74,2339
2026-04-29T05:10:20.129444+00:00,164.52,164.95,164.49,164.75,1313
2026-04-29T05:11:20.129444+00:00,164.59,164.76,164.32,164.48,2908
2026-04-29T05:12:20.129444+00:00,164.25,164.66,164.09,164.44,2071
2026-04-29T05:13:20.129444+00:00,164.33,164.6,164.13,164.31,1072
2026-04-29T05:14:20.129444+00:00,164.96,164.97,164.52,164.66,4747
2026-04-29T05:15:20.129444+00:00,164.38,164.78,164.1,164.63,2812
2026-04-29T05:16:20.129444+00:00,164.63,164.66,164.44,164.65,4524
2026-04-29T05:17:20.129444+00:00,164.93,165.22,164.69,164.74,2764
2026-04-29T05:18:20.129444+00:00,164.51,164.99,164.35,164.75,1448
2026-04-29T05:19:20.129444+00:00,165.08,165.24,164.85,165.03,3209
2026-04-29T05:20:20.129444+00:00,164.98,165.13,164.65,164.93,3075
2026-04-29T05:21:20.129444+00:00,164.67,165.05,164.47,164.96,2547
2026-04-29T05:22:20.129444+00:00,164.92,165.03,164.52,164.84,2312
2026-04-29T05:23:20.129444+00:00,164.33,164.82,164.29,164.62,2500
2026-04-29T05:24:20.129444+00:00,164.42,164.76,164.41,164.52,4650
2026-04-29T05:25:20.129444+00:00,164.6,164.72,164.37,164.51,2463
2026-04-29T05:26:20.129444+00:00,164.39,164.46,164.3,164.44,1961
2026-04-29T05:27:20.129444+00:00,164.43,164.62,164.03,164.33,1268
2026-04-29T05:28:20.129444+00:00,164.34,164.38,164.04,164.1,3205
2026-04-29T05:29:20.129444+00:00,163.97,164.24,163.69,164.08,3326
2026-04-29T05:30:20.129444+00:00,163.85,163.99,163.83,163.84,2923
2026-04-29T05:31:20.129444+00:00,164.02,164.34,163.84,163.96,2598
2026-04-29T05:32:20.129444+00:00,163.86,164.01,163.7,163.98,3829
2026-04-29T05:33:20.129444+00:00,163.85,163.96,163.57,163.74,4133
2026-04-29T05:34:20.129444+00:00,163.8,163.85,163.59,163.69,4970
2026-04-29T05:35:20.129444+00:00,163.52,163.73,163.24,163.56,4224
2026-04-29T05:36:20.129444+00:00,163.34,163.89,163.27,163.62,2086
2026-04-29T05:37:20.129444+00:00,163.54,164.16,163.41,163.84,1925
2026-04-29T05:38:20.129444+00:00,163.61,163.92,163.29,163.53,3368
2026-04-29T05:39:20.129444+00:00,163.28,163.66,163.26,163.55,4281
2026-04-29T05:40:20.129444+00:00,163.54,163.68,163.41,163.52,1314
2026-04-29T05:41:20.129444+00:00,163.73,163.83,163.37,163.63,2773
2026-04-29T05:42:20.129444+00:00,163.77,163.88,163.53,163.67,2029
2026-04-29T05:43:20.129444+00:00,163.62,163.77,163.29,163.54,1739
2026-04-29T05:44:20.129444+00:00,163.74,163.94,163.32,163.49,1764
2026-04-29T05:45:20.129444+00:00,163.41,163.48,163.05,163.36,4040
2026-04-29T05:46:20.129444+00:00,163.82,163.91,163.33,163.54,4313
2026-04-29T05:47:20.129444+00:00,163.61,163.87,163.4,163.54,3318
2026-04-29T05:48:20.129444+00:00,164.0,164.02,163.79,163.85,2894
2026-04-29T05:49:20.129444+00:00,163.61,163.89,163.39,163.84,2229
2026-04-29T05:50:20.129444+00:00,163.95,164.08,163.44,163.73,4732
2026-04-29T05:51:20.129444+00:00,163.19,163.54,163.06,163.48,4373
2026-04-29T05:52:20.129444+00:00,163.04,163.24,162.82,163.18,1967
2026-04-29T05:53:20.129444+00:00,162.86,162.96,162.8,162.92,2005
2026-04-29T05:54:20.129444+00:00,163.16,163.26,162.81,162.97,2786
2026-04-29T05:55:20.129444+00:00,163.0,163.35,162.93,163.05,2117
2026-04-29T05:56:20.129444+00:00,162.56,162.88,162.3,162.79,3697
2026-04-29T05:57:20.129444+00:00,162.97,163.18,162.93,162.94,3959
2026-04-29T05:58:20.129444+00:00,162.85,162.87,162.57,162.86,1343
2026-04-29T05:59:20.129444+00:00,162.76,162.98,162.74,162.88,4912
2026-04-29T06:00:20.129444+00:00,163.09,163.27,162.87,163.15,1369
2026-04-29T06:01:20.129444+00:00,163.23,163.57,162.95,163.29,1966
2026-04-29T06:02:20.129444+00:00,163.0,163.49,162.69,163.25,3137
2026-04-29T06:03:20.129444+00:00,163.21,163.4,162.85,163.1,3151
2026-04-29T06:04:20.129444+00:00,162.59,163.04,162.51,162.75,1500
2026-04-29T06:05:20.129444+00:00,162.81,162.92,162.37,162.64,4019
2026-04-29T06:06:20.129444+00:00,162.53,162.85,162.45,162.6,2732
2026-04-29T06:07:20.129444+00:00,162.26,162.48,162.19,162.44,2124
2026-04-29T06:08:20.129444+00:00,162.38,162.5,162.19,162.42,3008
2026-04-29T06:09:20.129444+00:00,162.45,162.68,162.4,162.43,3235
2026-04-29T06:10:20.129444+00:00,162.35,162.62,162.03,162.4,4602
2026-04-29T06:11:20.129444+00:00,162.48,162.52,162.14,162.29,2506
2026-04-29T06:12:20.129444+00:00,162.53,162.53,162.0,162.32,3481
2026-04-29T06:13:20.129444+00:00,162.09,162.63,161.83,162.39,1223
2026-04-29T06:14:20.129444+00:00,162.34,162.59,162.14,162.21,3263
2026-04-29T06:15:20.129444+00:00,162.37,162.65,162.14,162.44,4699
2026-04-29T06:16:20.129444+00:00,162.63,162.67,162.14,162.43,4512
2026-04-29T06:17:20.129444+00:00,162.39,162.43,162.08,162.43,4799
2026-04-29T06:18:20.129444+00:00,162.86,162.94,162.52,162.54,4369
2026-04-29T06:19:20.129444+00:00,162.75,162.85,162.3,162.58,1656
2026-04-29T06:20:20.129444+00:00,163.01,163.21,162.45,162.74,4140
2026-04-29T06:21:20.129444+00:00,162.88,163.14,162.69,162.78,1328
2026-04-29T06:22:20.129444+00:00,162.89,163.2,162.53,162.68,2691
2026-04-29T06:23:20.129444+00:00,163.02,163.13,162.61,162.74,4762
2026-04-29T06:24:20.129444+00:00,162.77,163.03,162.33,162.56,3073
2026-04-29T06:25:20.129444+00:00,162.29,162.71,162.06,162.57,3243
2026-04-29T06:26:20.129444+00:00,162.72,162.87,162.56,162.57,1213
2026-04-29T06:27:20.129444+00:00,162.63,162.69,162.39,162.54,3625
2026-04-29T06:28:20.129444+00:00,162.28,162.65,162.07,162.51,2285
2026-04-29T06:29:20.129444+00:00,162.26,162.29,162.13,162.21,3922
2026-04-29T06:30:20.129444+00:00,162.42,162.69,161.87,162.12,4469
2026-04-29T06:31:20.129444+00:00,162.2,162.33,161.83,162.14,2849
2026-04-29T06:32:20.129444+00:00,162.15,162.4,162.06,162.16,3815
2026-04-29T06:33:20.129444+00:00,162.05,162.16,161.9,161.99,1345
2026-04-29T06:34:20.129444+00:00,162.14,162.26,161.86,162.2,4869
2026-04-29T06:35:20.129444+00:00,162.28,162.46,162.05,162.06,1094
2026-04-29T06:36:20.129444+00:00,162.49,162.7,162.01,162.22,4714
2026-04-29T06:37:20.129444+00:00,162.02,162.44,161.93,162.29,4489
2026-04-29T06:38:20.129444+00:00,161.97,162.31,161.83,162.18,2065
2026-04-29T06:39:20.129444+00:00,162.24,162.78,162.19,162.47,3323
2026-04-29T06:40:20.129444+00:00,162.03,162.51,161.89,162.28,4768
2026-04-29T06:41:20.129444+00:00,162.7,162.97,162.26,162.42,1919
2026-04-29T06:42:20.129444+00:00,162.73,162.79,162.31,162.59,4203
2026-04-29T06:43:20.129444+00:00,162.33,162.72,162.2,162.48,2766
2026-04-29T06:44:20.129444+00:00,162.94,163.13,162.38,162.7,2159
2026-04-29T06:45:20.129444+00:00,162.81,162.87,162.61,162.66,4245
2026-04-29T06:46:20.129444+00:00,162.48,162.81,162.4,162.71,3530
2026-04-29T06:47:20.129444+00:00,162.72,162.83,162.53,162.75,3651
2026-04-29T06:48:20.129444+00:00,162.7,162.73,162.66,162.73,2324
2026-04-29T06:49:20.129444+00:00,163.17,163.3,162.79,162.86,2570
2026-04-29T06:50:20.129444+00:00,163.13,163.37,162.91,162.99,1390
2026-04-29T06:51:20.129444+00:00,162.75,162.76,162.4,162.71,2928
2026-04-29T06:52:20.129444+00:00,163.19,163.51,162.61,162.92,4961
2026-04-29T06:53:20.129444+00:00,162.85,163.08,162.39,162.65,1021
2026-04-29T06:54:20.129444+00:00,162.66,163.02,162.56,162.82,2616
2026-04-29T06:55:20.129444+00:00,163.11,163.16,162.71,163.0,1168
2026-04-29T06:56:20.129444+00:00,162.88,162.96,162.66,162.82,4810
2026-04-29T06:57:20.129444+00:00,162.65,162.91,162.62,162.76,3909
2026-04-29T06:58:20.129444+00:00,162.6,162.64,162.54,162.58,1180
2026-04-29T06:59:20.129444+00:00,162.85,163.02,162.23,162.54,2150
2026-04-29T07:00:20.129444+00:00,162.65,162.95,162.4,162.49,4591
2026-04-29T07:01:20.129444+00:00,162.46,162.89,162.16,162.62,3117
2026-04-29T07:02:20.129444+00:00,162.71,163.12,162.61,162.83,3012
2026-04-29T07:03:20.129444+00:00,163.23,163.28,162.78,163.06,3692
2026-04-29T07:04:20.129444+00:00,163.06,163.2,162.91,162.97,1223
2026-04-29T07:05:20.129444+00:00,162.76,162.95,162.67,162.93,3891
2026-04-29T07:06:20.129444+00:00,162.64,162.7,162.35,162.66,3027
2026-04-29T07:07:20.129444+00:00,162.23,162.64,162.0,162.53,2987
2026-04-29T07:08:20.129444+00:00,162.66,162.72,162.42,162.69,1606
2026-04-29T07:09:20.129444+00:00,162.7,162.98,162.42,162.95,1739
2026-04-29T07:10:20.129444+00:00,162.97,163.21,162.48,162.75,3307
2026-04-29T07:11:20.129444+00:00,162.91,163.1,162.46,162.65,4979
2026-04-29T07:12:20.129444+00:00,162.32,162.9,162.27,162.65,4770
2026-04-29T07:13:20.129444+00:00,162.42,162.94,162.2,162.69,4634
2026-04-29T07:14:20.129444+00:00,162.45,162.65,162.13,162.56,1499
2026-04-29T07:15:20.129444+00:00,162.56,162.82,162.25,162.63,4428
2026-04-29T07:16:20.129444+00:00,162.44,162.56,162.29,162.55,3898
2026-04-29T07:17:20.129444+00:00,162.65,162.8,162.24,162.55,3433
2026-04-29T07:18:20.129444+00:00,162.74,162.85,162.62,162.64,3549
2026-04-29T07:19:20.129444+00:00,162.93,163.04,162.4,162.64,4007
2026-04-29T07:20:20.129444+00:00,162.83,163.09,162.53,162.57,4535
2026-04-29T07:21:20.129444+00:00,162.26,162.76,162.15,162.55,1227
2026-04-29T07:22:20.129444+00:00,162.7,162.87,162.34,162.54,1379
2026-04-29T07:23:20.129444+00:00,162.41,162.53,162.1,162.48,4545
2026-04-29T07:24:20.129444+00:00,162.37,162.44,162.3,162.43,2591
2026-04-29T07:25:20.129444+00:00,162.88,162.97,162.45,162.69,3679
2026-04-29T07:26:20.129444+00:00,162.56,162.88,162.3,162.79,4014
2026-04-29T07:27:20.129444+00:00,162.94,163.04,162.51,162.74,1537
2026-04-29T07:28:20.129444+00:00,162.76,162.88,162.64,162.85,1818
2026-04-29T07:29:20.129444+00:00,162.79,163.09,162.63,162.8,3306
2026-04-29T07:30:20.129444+00:00,163.05,163.08,162.85,162.99,2508
2026-04-29T07:31:20.129444+00:00,163.12,163.26,162.91,163.05,1165
2026-04-29T07:32:20.129444+00:00,163.04,163.36,162.81,163.03,3652
2026-04-29T07:33:20.129444+00:00,163.23,163.28,162.94,163.1,3578
2026-04-29T07:34:20.129444+00:00,162.94,162.97,162.7,162.85,1324
2026-04-29T07:35:20.129444+00:00,162.93,163.08,162.62,162.66,1523
2026-04-29T07:36:20.129444+00:00,162.59,162.69,162.39,162.47,2751
2026-04-29T07:37:20.129444+00:00,162.36,162.51,162.34,162.49,1184
2026-04-29T07:38:20.129444+00:00,162.78,162.95,162.64,162.78,2903
2026-04-29T07:39:20.129444+00:00,163.24,163.43,163.06,163.14,2043
2026-04-29T07:40:20.129444+00:00,163.3,163.55,163.24,163.24,4033
2026-04-29T07:41:20.129444+00:00,163.43,163.49,163.27,163.32,2609
2026-04-29T07:42:20.129444+00:00,162.73,163.17,162.5,163.03,2285
2026-04-29T07:43:20.129444+00:00,163.0,163.15,162.72,162.94,3555
2026-04-29T07:44:20.129444+00:00,163.01,163.13,162.52,162.81,4317
2026-04-29T07:45:20.129444+00:00,162.51,162.77,162.27,162.71,3474
2026-04-29T07:46:20.129444+00:00,162.53,162.9,162.39,162.69,1073
2026-04-29T07:47:20.129444+00:00,162.29,162.65,162.23,162.61,2954
2026-04-29T07:48:20.129444+00:00,162.26,162.42,162.05,162.29,4048
2026-04-29T07:49:20.129444+00:00,162.47,162.63,162.21,162.41,4989
2026-04-29T07:50:20.129444+00:00,162.31,162.53,161.92,162.23,3765
2026-04-29T07:51:20.129444+00:00,162.21,162.37,162.16,162.27,1056
2026-04-29T07:52:20.129444+00:00,162.41,162.88,162.18,162.61,1770
2026-04-29T07:53:20.129444+00:00,162.69,162.76,162.25,162.46,3661
2026-04-29T07:54:20.129444+00:00,161.88,162.32,161.6,162.05,3206
2026-04-29T07:55:20.129444+00:00,161.8,162.1,161.65,162.0,2941
2026-04-29T07:56:20.129444+00:00,162.13,162.22,161.84,162.18,4026
2026-04-29T07:57:20.129444+00:00,162.63,162.95,162.35,162.5,4521
2026-04-29T07:58:20.129444+00:00,162.27,162.38,162.17,162.3,4397
2026-04-29T07:59:20.129444+00:00,162.6,162.61,162.38,162.38,3582
2026-04-29T08:00:20.129444+00:00,162.53,162.67,162.17,162.31,3030
2026-04-29T08:01:20.129444+00:00,162.44,162.64,162.11,162.29,2191
2026-04-29T08:02:20.129444+00:00,162.42,162.85,162.25,162.72,3968
2026-04-29T08:03:20.129444+00:00,162.55,162.77,162.21,162.47,2998
2026-04-29T08:04:20.129444+00:00,162.34,162.53,162.33,162.52,3360
2026-04-29T08:05:20.129444+00:00,162.47,162.61,162.18,162.59,2708
2026-04-29T08:06:20.129444+00:00,163.02,163.06,162.57,162.77,3646
2026-04-29T08:07:20.129444+00:00,162.68,163.01,162.68,162.78,2179
2026-04-29T08:08:20.129444+00:00,162.98,163.13,162.69,162.83,3079
2026-04-29T08:09:20.129444+00:00,162.59,163.07,162.48,162.77,3466
2026-04-29T08:10:20.129444+00:00,163.04,163.28,162.66,162.81,4617
2026-04-29T08:11:20.129444+00:00,162.62,162.99,162.31,162.76,4412
2026-04-29T08:12:20.129444+00:00,163.15,163.36,162.74,162.86,2934
2026-04-29T08:13:20.129444+00:00,162.99,163.27,162.6,162.8,2156
2026-04-29T08:14:20.129444+00:00,162.98,163.01,162.7,162.86,1709
2026-04-29T08:15:20.129444+00:00,162.66,163.05,162.63,162.86,2703
2026-04-29T08:16:20.129444+00:00,163.33,163.49,162.96,163.04,3280
2026-04-29T08:17:20.129444+00:00,162.74,163.04,162.45,163.03,2462
2026-04-29T08:18:20.129444+00:00,162.86,162.91,162.46,162.74,3062
2026-04-29T08:19:20.129444+00:00,162.64,162.97,162.5,162.95,3529
2026-04-29T08:20:20.129444+00:00,162.62,162.98,162.46,162.8,2393
2026-04-29T08:21:20.129444+00:00,162.88,163.13,162.44,162.69,3281
2026-04-29T08:22:20.129444+00:00,162.45,162.65,162.22,162.6,3111
2026-04-29T08:23:20.129444+00:00,162.89,162.92,162.8,162.82,4875
2026-04-29T08:24:20.129444+00:00,162.43,162.62,162.16,162.47,1454
2026-04-29T08:25:20.129444+00:00,163.29,163.55,162.78,162.98,4515
2026-04-29T08:26:20.129444+00:00,163.45,163.72,163.14,163.16,1431
2026-04-29T08:27:20.129444+00:00,162.97,163.23,162.91,163.19,2481
2026-04-29T08:28:20.129444+00:00,162.96,163.28,162.82,163.18,3072
2026-04-29T08:29:20.129444+00:00,163.23,163.51,163.18,163.23,2489
2026-04-29T08:30:20.129444+00:00,163.21,163.36,162.93,163.32,2798
2026-04-29T08:31:20.129444+00:00,163.73,163.98,163.42,163.42,4419
2026-04-29T08:32:20.129444+00:00,163.71,163.83,163.35,163.51,1349
2026-04-29T08:33:20.129444+00:00,163.37,163.76,163.24,163.53,3578
2026-04-29T08:34:20.129444+00:00,163.6,163.65,163.25,163.49,2727
2026-04-29T08:35:20.129444+00:00,163.66,163.7,163.33,163.47,4760
2026-04-29T08:36:20.129444+00:00,163.38,163.59,163.1,163.44,4254
2026-04-29T08:37:20.129444+00:00,163.74,164.05,163.48,163.62,4154
2026-04-29T08:38:20.129444+00:00,163.4,163.98,163.09,163.72,1347
2026-04-29T08:39:20.129444+00:00,163.13,163.37,162.88,163.24,2777
2026-04-29T08:40:20.129444+00:00,163.06,163.59,162.84,163.35,3627
2026-04-29T08:41:20.129444+00:00,163.15,163.57,162.83,163.38,3921
2026-04-29T08:42:20.129444+00:00,163.57,163.86,163.06,163.37,2717
2026-04-29T08:43:20.129444+00:00,163.25,163.53,163.07,163.31,2246
2026-04-29T08:44:20.129444+00:00,163.64,163.74,163.38,163.49,4387
2026-04-29T08:45:20.129444+00:00,163.51,163.82,163.2,163.65,3868
2026-04-29T08:46:20.129444+00:00,163.46,163.73,163.17,163.52,3557
2026-04-29T08:47:20.129444+00:00,163.78,163.99,163.36,163.59,4635
2026-04-29T08:48:20.129444+00:00,163.64,163.85,163.18,163.43,4608
2026-04-29T08:49:20.129444+00:00,163.08,163.22,162.97,163.21,3970
2026-04-29T08:50:20.129444+00:00,163.25,163.53,162.93,163.1,3215
2026-04-29T08:51:20.129444+00:00,163.1,163.27,162.92,163.24,3135
2026-04-29T08:52:20.129444+00:00,163.3,163.61,163.29,163.4,4646
2026-04-29T08:53:20.129444+00:00,163.68,163.87,163.41,163.48,4170
2026-04-29T08:54:20.129444+00:00,163.47,163.74,163.31,163.6,3998
2026-04-29T08:55:20.129444+00:00,163.4,163.81,163.19,163.69,2451
2026-04-29T08:56:20.129444+00:00,163.34,163.83,163.03,163.58,2838
2026-04-29T08:57:20.129444+00:00,163.52,163.89,163.37,163.65,1967
2026-04-29T08:58:20.129444+00:00,163.98,164.31,163.6,163.78,4663
2026-04-29T08:59:20.129444+00:00,164.19,164.41,163.63,163.91,1957
2026-04-29T09:00:20.129444+00:00,164.0,164.2,163.75,164.1,3928
2026-04-29T09:01:20.129444+00:00,164.27,164.31,164.09,164.22,4020
2026-04-29T09:02:20.129444+00:00,164.11,164.38,163.92,164.28,4370
2026-04-29T09:03:20.129444+00:00,164.64,164.78,164.4,164.45,2743
2026-04-29T09:04:20.129444+00:00,164.66,164.69,164.43,164.45,4639
2026-04-29T09:05:20.129444+00:00,164.06,164.37,164.03,164.3,3772
2026-04-29T09:06:20.129444+00:00,164.29,164.49,164.11,164.28,2617
2026-04-29T09:07:20.129444+00:00,164.4,164.59,163.94,164.15,2802
